Mouse,Radiation,Diet,Date,Weight
3069,Sham,CDDO-EA,2019-04-03,24.1
3069,Sham,CDDO-EA,2019-05-01,25
3069,Sham,CDDO-EA,2019-05-07,25.2
3069,Sham,CDDO-EA,2019-05-28,26
3069,Sham,CDDO-EA,2019-06-05,25.3
3069,Sham,CDDO-EA,2019-06-12,26.2
3069,Sham,CDDO-EA,2019-06-19,27.1
3069,Sham,CDDO-EA,2019-06-26,26.1
3069,Sham,CDDO-EA,2019-07-03,27.1
3069,Sham,CDDO-EA,2019-07-10,27
3069,Sham,CDDO-EA,2019-07-17,27
3069,Sham,CDDO-EA,2019-07-24,26.9
3069,Sham,CDDO-EA,2019-07-31,27.2
3069,Sham,CDDO-EA,2019-08-07,27.2
3069,Sham,CDDO-EA,2019-08-14,27.1
3069,Sham,CDDO-EA,2019-08-21,26.8
3069,Sham,CDDO-EA,2019-08-28,26.4
3069,Sham,CDDO-EA,2019-09-04,27.3
3069,Sham,CDDO-EA,2019-09-11,27.3
3069,Sham,CDDO-EA,2019-09-18,26.8
3069,Sham,CDDO-EA,2019-09-25,26.4
3069,Sham,CDDO-EA,2019-10-02,26.5
3069,Sham,CDDO-EA,2019-10-09,27
3069,Sham,CDDO-EA,2019-10-15,27.3
3069,Sham,CDDO-EA,2019-10-22,26.5
3069,Sham,CDDO-EA,2019-10-30,26.9
3069,Sham,CDDO-EA,2019-11-05,27.7
3069,Sham,CDDO-EA,2019-11-13,27.6
3069,Sham,CDDO-EA,2019-11-20,29.3
3069,Sham,CDDO-EA,2019-11-27,28.6
3069,Sham,CDDO-EA,2019-12-14,28.4
3069,Sham,CDDO-EA,2019-12-11,28.7
3069,Sham,CDDO-EA,2019-12-20,29.4
3069,Sham,CDDO-EA,2019-12-26,31.4
3069,Sham,CDDO-EA,2020-01-02,30.1
3069,Sham,CDDO-EA,2020-01-08,31
3069,Sham,CDDO-EA,2020-01-15,29.3
3069,Sham,CDDO-EA,2020-01-22,28.6
3069,Sham,CDDO-EA,2020-01-29,28.1
3069,Sham,CDDO-EA,2020-02-05,28.2
3069,Sham,CDDO-EA,2020-02-12,29.4
3069,Sham,CDDO-EA,2020-02-19,30
3069,Sham,CDDO-EA,2020-02-26,31.3
3069,Sham,CDDO-EA,2020-03-04,33.4
3069,Sham,CDDO-EA,2020-03-20,34.5
3069,Sham,CDDO-EA,2020-04-24,39
3070,Sham,CDDO-EA,2019-04-03,28.9
3070,Sham,CDDO-EA,2019-05-01,30.6
3070,Sham,CDDO-EA,2019-05-07,32.4
3070,Sham,CDDO-EA,2019-05-28,33.1
3070,Sham,CDDO-EA,2019-06-05,29.6
3070,Sham,CDDO-EA,2019-06-12,29.4
3070,Sham,CDDO-EA,2019-06-19,29.1
3070,Sham,CDDO-EA,2019-06-26,30.2
3070,Sham,CDDO-EA,2019-07-03,29.6
3070,Sham,CDDO-EA,2019-07-10,29.9
3070,Sham,CDDO-EA,2019-07-17,30.7
3070,Sham,CDDO-EA,2019-07-24,30.8
3070,Sham,CDDO-EA,2019-07-31,30.8
3070,Sham,CDDO-EA,2019-08-07,31.4
3070,Sham,CDDO-EA,2019-08-14,30.3
3070,Sham,CDDO-EA,2019-08-21,30.1
3070,Sham,CDDO-EA,2019-08-28,31.8
3070,Sham,CDDO-EA,2019-09-04,31.1
3070,Sham,CDDO-EA,2019-09-11,30.5
3070,Sham,CDDO-EA,2019-09-18,30.8
3070,Sham,CDDO-EA,2019-09-25,31.8
3070,Sham,CDDO-EA,2019-10-02,32.2
3070,Sham,CDDO-EA,2019-10-09,32.2
3070,Sham,CDDO-EA,2019-10-15,32.4
3070,Sham,CDDO-EA,2019-10-22,33.3
3070,Sham,CDDO-EA,2019-10-30,32.7
3070,Sham,CDDO-EA,2019-11-05,33.5
3070,Sham,CDDO-EA,2019-11-13,33.4
3070,Sham,CDDO-EA,2019-11-20,35.6
3070,Sham,CDDO-EA,2019-11-27,36.5
3070,Sham,CDDO-EA,2019-12-14,35.2
3070,Sham,CDDO-EA,2019-12-11,35.5
3070,Sham,CDDO-EA,2019-12-20,34.7
3070,Sham,CDDO-EA,2019-12-26,37.4
3070,Sham,CDDO-EA,2020-01-02,36.5
3070,Sham,CDDO-EA,2020-01-08,35.7
3070,Sham,CDDO-EA,2020-01-15,33.7
3070,Sham,CDDO-EA,2020-01-22,34.3
3070,Sham,CDDO-EA,2020-01-29,35.1
3070,Sham,CDDO-EA,2020-02-05,34.9
3070,Sham,CDDO-EA,2020-02-12,38.1
3070,Sham,CDDO-EA,2020-02-19,39.7
3070,Sham,CDDO-EA,2020-02-26,41.3
3070,Sham,CDDO-EA,2020-03-04,42.8
3070,Sham,CDDO-EA,2020-03-20,43.9
3070,Sham,CDDO-EA,2020-04-24,49.4
3071,Sham,CDDO-EA,2019-04-03,18.9
3071,Sham,CDDO-EA,2019-05-01,19.8
3071,Sham,CDDO-EA,2019-05-07,19.4
3071,Sham,CDDO-EA,2019-05-28,20.4
3071,Sham,CDDO-EA,2019-06-05,19.1
3071,Sham,CDDO-EA,2019-06-12,19.8
3071,Sham,CDDO-EA,2019-06-19,20.7
3071,Sham,CDDO-EA,2019-06-26,20
3071,Sham,CDDO-EA,2019-07-03,20.3
3071,Sham,CDDO-EA,2019-07-10,21.4
3071,Sham,CDDO-EA,2019-07-17,21
3071,Sham,CDDO-EA,2019-07-24,20.3
3071,Sham,CDDO-EA,2019-07-31,20.4
3071,Sham,CDDO-EA,2019-08-07,21.1
3071,Sham,CDDO-EA,2019-08-14,21.3
3071,Sham,CDDO-EA,2019-08-21,21
3071,Sham,CDDO-EA,2019-08-28,20.6
3071,Sham,CDDO-EA,2019-09-04,20.2
3071,Sham,CDDO-EA,2019-09-11,20.9
3071,Sham,CDDO-EA,2019-09-18,21
3071,Sham,CDDO-EA,2019-09-25,20.8
3071,Sham,CDDO-EA,2019-10-02,20.8
3071,Sham,CDDO-EA,2019-10-09,20.3
3071,Sham,CDDO-EA,2019-10-15,21.4
3071,Sham,CDDO-EA,2019-10-22,21.6
3071,Sham,CDDO-EA,2019-10-30,20.8
3071,Sham,CDDO-EA,2019-11-05,21.6
3071,Sham,CDDO-EA,2019-11-13,21.4
3071,Sham,CDDO-EA,2019-11-20,22
3071,Sham,CDDO-EA,2019-11-27,21.1
3071,Sham,CDDO-EA,2019-12-14,20
3071,Sham,CDDO-EA,2019-12-11,20.6
3071,Sham,CDDO-EA,2019-12-20,21.7
3071,Sham,CDDO-EA,2019-12-26,23.4
3071,Sham,CDDO-EA,2020-01-02,21.8
3071,Sham,CDDO-EA,2020-01-08,22.9
3071,Sham,CDDO-EA,2020-01-15,21.4
3071,Sham,CDDO-EA,2020-01-22,20.8
3071,Sham,CDDO-EA,2020-01-29,21
3071,Sham,CDDO-EA,2020-02-05,21.7
3071,Sham,CDDO-EA,2020-02-12,22.3
3071,Sham,CDDO-EA,2020-02-19,23.1
3071,Sham,CDDO-EA,2020-02-26,22.3
3071,Sham,CDDO-EA,2020-03-04,22.5
3071,Sham,CDDO-EA,2020-03-20,23.7
3071,Sham,CDDO-EA,2020-04-24,33.8
3076,Sham,CDDO-EA,2019-04-03,26
3076,Sham,CDDO-EA,2019-05-01,26.7
3076,Sham,CDDO-EA,2019-05-07,25.6
3076,Sham,CDDO-EA,2019-05-28,28.1
3076,Sham,CDDO-EA,2019-06-05,25
3076,Sham,CDDO-EA,2019-06-12,26.7
3076,Sham,CDDO-EA,2019-06-19,25.7
3076,Sham,CDDO-EA,2019-06-26,27
3076,Sham,CDDO-EA,2019-07-03,26.7
3076,Sham,CDDO-EA,2019-07-10,27.5
3076,Sham,CDDO-EA,2019-07-17,26.8
3076,Sham,CDDO-EA,2019-07-24,26.7
3076,Sham,CDDO-EA,2019-07-31,27.1
3076,Sham,CDDO-EA,2019-08-07,26.9
3076,Sham,CDDO-EA,2019-08-14,28.2
3076,Sham,CDDO-EA,2019-08-21,26.7
3076,Sham,CDDO-EA,2019-08-28,27.4
3076,Sham,CDDO-EA,2019-09-04,26
3076,Sham,CDDO-EA,2019-09-11,26.1
3076,Sham,CDDO-EA,2019-09-18,27.1
3076,Sham,CDDO-EA,2019-09-25,27.1
3076,Sham,CDDO-EA,2019-10-02,27
3076,Sham,CDDO-EA,2019-10-09,27
3076,Sham,CDDO-EA,2019-10-15,27.4
3076,Sham,CDDO-EA,2019-10-22,26.2
3076,Sham,CDDO-EA,2019-10-30,27.8
3076,Sham,CDDO-EA,2019-11-05,28.8
3076,Sham,CDDO-EA,2019-11-13,27.2
3076,Sham,CDDO-EA,2019-11-20,28.5
3076,Sham,CDDO-EA,2019-11-27,30.1
3076,Sham,CDDO-EA,2019-12-14,26.8
3076,Sham,CDDO-EA,2019-12-11,26.1
3076,Sham,CDDO-EA,2019-12-20,27.7
3076,Sham,CDDO-EA,2019-12-26,30.2
3076,Sham,CDDO-EA,2020-01-02,29.2
3076,Sham,CDDO-EA,2020-01-08,29.5
3076,Sham,CDDO-EA,2020-01-15,28.5
3076,Sham,CDDO-EA,2020-01-22,27.5
3076,Sham,CDDO-EA,2020-01-29,28.8
3076,Sham,CDDO-EA,2020-02-05,28.2
3076,Sham,CDDO-EA,2020-02-12,31.5
3076,Sham,CDDO-EA,2020-02-19,29.9
3076,Sham,CDDO-EA,2020-02-26,29.8
3076,Sham,CDDO-EA,2020-03-04,28.5
3076,Sham,CDDO-EA,2020-03-20,31.3
3076,Sham,CDDO-EA,2020-04-24,25.8
3042,Sham,CDDO-EA,2019-04-03,24.6
3042,Sham,CDDO-EA,2019-05-01,25.8
3042,Sham,CDDO-EA,2019-05-07,26
3042,Sham,CDDO-EA,2019-05-28,26.5
3042,Sham,CDDO-EA,2019-06-05,25.2
3042,Sham,CDDO-EA,2019-06-12,28.6
3042,Sham,CDDO-EA,2019-06-19,28.9
3042,Sham,CDDO-EA,2019-06-26,29.2
3042,Sham,CDDO-EA,2019-07-03,28.3
3042,Sham,CDDO-EA,2019-07-10,28.6
3042,Sham,CDDO-EA,2019-07-17,28.9
3042,Sham,CDDO-EA,2019-07-24,29
3042,Sham,CDDO-EA,2019-07-31,27.4
3042,Sham,CDDO-EA,2019-08-07,28.8
3042,Sham,CDDO-EA,2019-08-14,28.8
3042,Sham,CDDO-EA,2019-08-21,28.1
3042,Sham,CDDO-EA,2019-08-28,27
3042,Sham,CDDO-EA,2019-09-04,27.9
3042,Sham,CDDO-EA,2019-09-11,27.6
3042,Sham,CDDO-EA,2019-09-18,28.4
3042,Sham,CDDO-EA,2019-09-25,28.6
3042,Sham,CDDO-EA,2019-10-02,29.3
3042,Sham,CDDO-EA,2019-10-09,27.9
3042,Sham,CDDO-EA,2019-10-15,27.7
3042,Sham,CDDO-EA,2019-10-22,28
3042,Sham,CDDO-EA,2019-10-30,26.9
3042,Sham,CDDO-EA,2019-11-05,26.7
3042,Sham,CDDO-EA,2019-11-13,26.9
3042,Sham,CDDO-EA,2019-11-20,29.5
3042,Sham,CDDO-EA,2019-11-27,30.2
3042,Sham,CDDO-EA,2019-12-14,27.9
3042,Sham,CDDO-EA,2019-12-11,28.7
3042,Sham,CDDO-EA,2019-12-20,30.8
3042,Sham,CDDO-EA,2019-12-26,32.5
3042,Sham,CDDO-EA,2020-01-02,31
3042,Sham,CDDO-EA,2020-01-08,32.3
3042,Sham,CDDO-EA,2020-01-15,30.4
3042,Sham,CDDO-EA,2020-01-22,30.1
3042,Sham,CDDO-EA,2020-01-29,29
3042,Sham,CDDO-EA,2020-02-05,28.4
3042,Sham,CDDO-EA,2020-02-12,29.1
3042,Sham,CDDO-EA,2020-02-19,31
3042,Sham,CDDO-EA,2020-02-26,31.6
3042,Sham,CDDO-EA,2020-03-04,24.5
3077,Sham,CDDO-EA,2019-04-03,22.1
3077,Sham,CDDO-EA,2019-05-01,22.9
3077,Sham,CDDO-EA,2019-05-07,22.8
3077,Sham,CDDO-EA,2019-05-28,23.6
3077,Sham,CDDO-EA,2019-06-05,22.3
3077,Sham,CDDO-EA,2019-06-12,22.3
3077,Sham,CDDO-EA,2019-06-19,22.5
3077,Sham,CDDO-EA,2019-06-26,23.3
3077,Sham,CDDO-EA,2019-07-03,22.5
3077,Sham,CDDO-EA,2019-07-10,22.6
3077,Sham,CDDO-EA,2019-07-17,22.9
3077,Sham,CDDO-EA,2019-07-24,23.7
3077,Sham,CDDO-EA,2019-07-31,23.3
3077,Sham,CDDO-EA,2019-08-07,24
3077,Sham,CDDO-EA,2019-08-14,23.7
3077,Sham,CDDO-EA,2019-08-21,22.9
3077,Sham,CDDO-EA,2019-08-28,22.9
3077,Sham,CDDO-EA,2019-09-04,22.9
3077,Sham,CDDO-EA,2019-09-11,22.4
3077,Sham,CDDO-EA,2019-09-18,22.5
3077,Sham,CDDO-EA,2019-09-25,22.8
3077,Sham,CDDO-EA,2019-10-02,22.9
3077,Sham,CDDO-EA,2019-10-09,23
3077,Sham,CDDO-EA,2019-10-15,23.7
3077,Sham,CDDO-EA,2019-10-22,23.8
3077,Sham,CDDO-EA,2019-10-30,23.6
3077,Sham,CDDO-EA,2019-11-05,23.7
3077,Sham,CDDO-EA,2019-11-13,23.6
3077,Sham,CDDO-EA,2019-11-20,24.5
3077,Sham,CDDO-EA,2019-11-27,25.8
3077,Sham,CDDO-EA,2019-12-14,22.7
3077,Sham,CDDO-EA,2019-12-11,24.2
3077,Sham,CDDO-EA,2019-12-20,25.6
3077,Sham,CDDO-EA,2019-12-26,26
3077,Sham,CDDO-EA,2020-01-02,24.8
3077,Sham,CDDO-EA,2020-01-08,26.3
3077,Sham,CDDO-EA,2020-01-15,24.7
3077,Sham,CDDO-EA,2020-01-22,24.2
3077,Sham,CDDO-EA,2020-01-29,24.1
3077,Sham,CDDO-EA,2020-02-05,23.9
3077,Sham,CDDO-EA,2020-02-12,25.2
3077,Sham,CDDO-EA,2020-02-19,26.7
3077,Sham,CDDO-EA,2020-02-26,26
3077,Sham,CDDO-EA,2020-03-04,26.2
3077,Sham,CDDO-EA,2020-03-20,26
3077,Sham,CDDO-EA,2020-04-24,28.1
3078,Sham,CDDO-EA,2019-04-03,22.9
3078,Sham,CDDO-EA,2019-05-01,23.2
3078,Sham,CDDO-EA,2019-05-07,23.9
3078,Sham,CDDO-EA,2019-05-28,24.9
3078,Sham,CDDO-EA,2019-06-05,23.4
3078,Sham,CDDO-EA,2019-06-12,27.4
3078,Sham,CDDO-EA,2019-06-19,26.4
3078,Sham,CDDO-EA,2019-06-26,26.5
3078,Sham,CDDO-EA,2019-07-03,26.7
3078,Sham,CDDO-EA,2019-07-10,26.2
3078,Sham,CDDO-EA,2019-07-17,26.4
3078,Sham,CDDO-EA,2019-07-24,26.7
3078,Sham,CDDO-EA,2019-07-31,26.4
3078,Sham,CDDO-EA,2019-08-07,27.1
3078,Sham,CDDO-EA,2019-08-14,28.1
3078,Sham,CDDO-EA,2019-08-21,26.7
3078,Sham,CDDO-EA,2019-08-28,26.2
3078,Sham,CDDO-EA,2019-09-04,26.6
3078,Sham,CDDO-EA,2019-09-11,26.4
3078,Sham,CDDO-EA,2019-09-18,26.7
3078,Sham,CDDO-EA,2019-09-25,27
3078,Sham,CDDO-EA,2019-10-02,27.4
3078,Sham,CDDO-EA,2019-10-09,27.5
3078,Sham,CDDO-EA,2019-10-15,27.4
3078,Sham,CDDO-EA,2019-10-22,27.9
3078,Sham,CDDO-EA,2019-10-30,27.8
3078,Sham,CDDO-EA,2019-11-05,27.8
3078,Sham,CDDO-EA,2019-11-13,27.4
3078,Sham,CDDO-EA,2019-11-20,29.5
3078,Sham,CDDO-EA,2019-11-27,31.1
3078,Sham,CDDO-EA,2019-12-14,28.1
3078,Sham,CDDO-EA,2019-12-11,28.4
3078,Sham,CDDO-EA,2019-12-20,29.4
3078,Sham,CDDO-EA,2019-12-26,31.1
3078,Sham,CDDO-EA,2020-01-02,30.2
3078,Sham,CDDO-EA,2020-01-08,31.8
3078,Sham,CDDO-EA,2020-01-15,29.5
3078,Sham,CDDO-EA,2020-01-22,29
3078,Sham,CDDO-EA,2020-01-29,29.4
3078,Sham,CDDO-EA,2020-02-05,29
3078,Sham,CDDO-EA,2020-02-12,32.4
3078,Sham,CDDO-EA,2020-02-19,34.1
3078,Sham,CDDO-EA,2020-02-26,34.5
3078,Sham,CDDO-EA,2020-03-04,25.8
3078,Sham,CDDO-EA,2020-03-20,34.3
3078,Sham,CDDO-EA,2020-04-24,29.2
3079,Sham,CDDO-EA,2019-04-03,30.2
3079,Sham,CDDO-EA,2019-05-01,32
3079,Sham,CDDO-EA,2019-05-07,32.6
3079,Sham,CDDO-EA,2019-05-28,31.8
3079,Sham,CDDO-EA,2019-06-05,29.7
3079,Sham,CDDO-EA,2019-06-12,30.3
3079,Sham,CDDO-EA,2019-06-19,31.2
3079,Sham,CDDO-EA,2019-06-26,31.3
3079,Sham,CDDO-EA,2019-07-03,31.1
3079,Sham,CDDO-EA,2019-07-10,31
3079,Sham,CDDO-EA,2019-07-17,30.5
3079,Sham,CDDO-EA,2019-07-24,30.9
3079,Sham,CDDO-EA,2019-07-31,28.6
3079,Sham,CDDO-EA,2019-08-07,30.2
3079,Sham,CDDO-EA,2019-08-14,31.5
3079,Sham,CDDO-EA,2019-08-21,28.8
3079,Sham,CDDO-EA,2019-08-28,29.3
3079,Sham,CDDO-EA,2019-09-04,30.1
3079,Sham,CDDO-EA,2019-09-11,29
3079,Sham,CDDO-EA,2019-09-18,29.1
3079,Sham,CDDO-EA,2019-09-25,29.2
3079,Sham,CDDO-EA,2019-10-02,30.1
3079,Sham,CDDO-EA,2019-10-09,29.8
3079,Sham,CDDO-EA,2019-10-15,29.5
3079,Sham,CDDO-EA,2019-10-22,29.8
3079,Sham,CDDO-EA,2019-10-30,29.5
3079,Sham,CDDO-EA,2019-11-05,28.9
3079,Sham,CDDO-EA,2019-11-13,29.4
3079,Sham,CDDO-EA,2019-11-20,30
3079,Sham,CDDO-EA,2019-11-27,31.6
3079,Sham,CDDO-EA,2019-12-14,28.3
3079,Sham,CDDO-EA,2019-12-11,28.8
3079,Sham,CDDO-EA,2019-12-20,29.6
3079,Sham,CDDO-EA,2019-12-26,32.4
3079,Sham,CDDO-EA,2020-01-02,30.6
3079,Sham,CDDO-EA,2020-01-08,30.9
3079,Sham,CDDO-EA,2020-01-15,28.5
3079,Sham,CDDO-EA,2020-01-22,28.8
3079,Sham,CDDO-EA,2020-01-29,28.3
3079,Sham,CDDO-EA,2020-02-05,29.3
3079,Sham,CDDO-EA,2020-02-12,31.5
3079,Sham,CDDO-EA,2020-02-19,31.2
3079,Sham,CDDO-EA,2020-02-26,32.1
3079,Sham,CDDO-EA,2020-03-04,34
3079,Sham,CDDO-EA,2020-03-20,33.7
3079,Sham,CDDO-EA,2020-04-24,40
42,Sham,CDDO-EA,2019-04-03,25
42,Sham,CDDO-EA,2019-05-01,23.1
42,Sham,CDDO-EA,2019-05-07,23.9
42,Sham,CDDO-EA,2019-05-28,25.3
42,Sham,CDDO-EA,2019-06-05,22.2
42,Sham,CDDO-EA,2019-06-12,26.3
42,Sham,CDDO-EA,2019-06-19,26.6
42,Sham,CDDO-EA,2019-06-26,25.8
42,Sham,CDDO-EA,2019-07-03,25.3
42,Sham,CDDO-EA,2019-07-10,26.7
42,Sham,CDDO-EA,2019-07-17,26.4
42,Sham,CDDO-EA,2019-07-24,26
42,Sham,CDDO-EA,2019-07-31,26.8
42,Sham,CDDO-EA,2019-08-07,26.3
42,Sham,CDDO-EA,2019-08-14,25.6
42,Sham,CDDO-EA,2019-08-21,25.6
42,Sham,CDDO-EA,2019-08-28,26.1
42,Sham,CDDO-EA,2019-09-04,25.5
42,Sham,CDDO-EA,2019-09-11,26.8
42,Sham,CDDO-EA,2019-09-18,26.2
42,Sham,CDDO-EA,2019-09-25,25.9
42,Sham,CDDO-EA,2019-10-02,26.9
42,Sham,CDDO-EA,2019-10-09,27.2
42,Sham,CDDO-EA,2019-10-15,26.6
42,Sham,CDDO-EA,2019-10-22,29
42,Sham,CDDO-EA,2019-10-30,26.4
42,Sham,CDDO-EA,2019-11-05,27
42,Sham,CDDO-EA,2019-11-13,26.8
42,Sham,CDDO-EA,2019-11-20,29.2
42,Sham,CDDO-EA,2019-11-27,29.6
42,Sham,CDDO-EA,2019-12-14,28.5
42,Sham,CDDO-EA,2019-12-11,30.4
42,Sham,CDDO-EA,2019-12-20,29.8
42,Sham,CDDO-EA,2019-12-26,31
42,Sham,CDDO-EA,2020-01-02,30.3
42,Sham,CDDO-EA,2020-01-08,30.7
42,Sham,CDDO-EA,2020-01-15,29
42,Sham,CDDO-EA,2020-01-22,29.5
42,Sham,CDDO-EA,2020-01-29,30.7
42,Sham,CDDO-EA,2020-02-05,29.1
42,Sham,CDDO-EA,2020-02-12,30
42,Sham,CDDO-EA,2020-02-19,32.3
42,Sham,CDDO-EA,2020-02-26,32.3
42,Sham,CDDO-EA,2020-03-04,33.8
42,Sham,CDDO-EA,2020-03-20,36
42,Sham,CDDO-EA,2020-04-24,43.1
3080,Sham,CDDO-EA,2019-04-03,22.8
3080,Sham,CDDO-EA,2019-05-01,22.8
3080,Sham,CDDO-EA,2019-05-07,22.9
3080,Sham,CDDO-EA,2019-05-28,23.2
3080,Sham,CDDO-EA,2019-06-05,21.5
3080,Sham,CDDO-EA,2019-06-12,24.4
3080,Sham,CDDO-EA,2019-06-19,25.1
3080,Sham,CDDO-EA,2019-06-26,24.1
3080,Sham,CDDO-EA,2019-07-03,24.8
3080,Sham,CDDO-EA,2019-07-10,25.1
3080,Sham,CDDO-EA,2019-07-17,24.4
3080,Sham,CDDO-EA,2019-07-24,24.4
3080,Sham,CDDO-EA,2019-07-31,24.8
3080,Sham,CDDO-EA,2019-08-07,25.4
3080,Sham,CDDO-EA,2019-08-14,25.1
3080,Sham,CDDO-EA,2019-08-21,24.7
3080,Sham,CDDO-EA,2019-08-28,24.6
3080,Sham,CDDO-EA,2019-09-04,24.6
3080,Sham,CDDO-EA,2019-09-11,24.4
3080,Sham,CDDO-EA,2019-09-18,24.7
3080,Sham,CDDO-EA,2019-09-25,24.9
3080,Sham,CDDO-EA,2019-10-02,24.7
3080,Sham,CDDO-EA,2019-10-09,24.6
3080,Sham,CDDO-EA,2019-10-15,24.6
3080,Sham,CDDO-EA,2019-10-22,25.2
3080,Sham,CDDO-EA,2019-10-30,24
3080,Sham,CDDO-EA,2019-11-05,25.1
3080,Sham,CDDO-EA,2019-11-13,24.2
3080,Sham,CDDO-EA,2019-11-20,25.4
3080,Sham,CDDO-EA,2019-11-27,25.3
3080,Sham,CDDO-EA,2019-12-14,24.4
3080,Sham,CDDO-EA,2019-12-11,26.1
3080,Sham,CDDO-EA,2019-12-20,26.5
3080,Sham,CDDO-EA,2019-12-26,33.6
3080,Sham,CDDO-EA,2020-01-02,26.8
3080,Sham,CDDO-EA,2020-01-08,28.4
3080,Sham,CDDO-EA,2020-01-15,27.4
3080,Sham,CDDO-EA,2020-01-22,27.4
3080,Sham,CDDO-EA,2020-01-29,27.3
3080,Sham,CDDO-EA,2020-02-05,26.5
3080,Sham,CDDO-EA,2020-02-12,29
3080,Sham,CDDO-EA,2020-02-19,30.1
3080,Sham,CDDO-EA,2020-02-26,29.6
3080,Sham,CDDO-EA,2020-03-04,30.7
3080,Sham,CDDO-EA,2020-03-20,30
3080,Sham,CDDO-EA,2020-04-24,34.4
3081,Sham,CDDO-EA,2019-04-03,26.1
3081,Sham,CDDO-EA,2019-05-01,25.9
3081,Sham,CDDO-EA,2019-05-07,26.3
3081,Sham,CDDO-EA,2019-05-28,28.4
3081,Sham,CDDO-EA,2019-06-05,25.7
3081,Sham,CDDO-EA,2019-06-12,28.9
3081,Sham,CDDO-EA,2019-06-19,29.1
3081,Sham,CDDO-EA,2019-06-26,29.3
3081,Sham,CDDO-EA,2019-07-03,29
3081,Sham,CDDO-EA,2019-07-10,29.4
3081,Sham,CDDO-EA,2019-07-17,29.5
3081,Sham,CDDO-EA,2019-07-24,29.5
3081,Sham,CDDO-EA,2019-07-31,29.6
3081,Sham,CDDO-EA,2019-08-07,29.2
3081,Sham,CDDO-EA,2019-08-14,29.2
3081,Sham,CDDO-EA,2019-08-21,29.4
3081,Sham,CDDO-EA,2019-08-28,29.1
3081,Sham,CDDO-EA,2019-09-04,29.6
3081,Sham,CDDO-EA,2019-09-11,29.5
3081,Sham,CDDO-EA,2019-09-18,29.8
3081,Sham,CDDO-EA,2019-09-25,29.5
3081,Sham,CDDO-EA,2019-10-02,29.2
3081,Sham,CDDO-EA,2019-10-09,29.6
3081,Sham,CDDO-EA,2019-10-15,29.4
3081,Sham,CDDO-EA,2019-10-22,30.7
3081,Sham,CDDO-EA,2019-10-30,29.9
3081,Sham,CDDO-EA,2019-11-05,30.7
3081,Sham,CDDO-EA,2019-11-13,30
3081,Sham,CDDO-EA,2019-11-20,32.8
3081,Sham,CDDO-EA,2019-11-27,33.5
3081,Sham,CDDO-EA,2019-12-14,31.9
3081,Sham,CDDO-EA,2019-12-11,32.5
3081,Sham,CDDO-EA,2019-12-20,32.8
3081,Sham,CDDO-EA,2019-12-26,38.4
3081,Sham,CDDO-EA,2020-01-02,32.4
3081,Sham,CDDO-EA,2020-01-08,33.4
3081,Sham,CDDO-EA,2020-01-15,32.5
3081,Sham,CDDO-EA,2020-01-22,32
3081,Sham,CDDO-EA,2020-01-29,31.7
3081,Sham,CDDO-EA,2020-02-05,31.7
3081,Sham,CDDO-EA,2020-02-12,34.9
3081,Sham,CDDO-EA,2020-02-19,35.3
3081,Sham,CDDO-EA,2020-02-26,35.5
3081,Sham,CDDO-EA,2020-03-04,36.8
3081,Sham,CDDO-EA,2020-03-20,36.4
3081,Sham,CDDO-EA,2020-04-24,32.1
3082,Sham,CDDO-EA,2019-04-03,25
3082,Sham,CDDO-EA,2019-05-01,28.1
3082,Sham,CDDO-EA,2019-05-07,25.5
3082,Sham,CDDO-EA,2019-05-28,27.9
3082,Sham,CDDO-EA,2019-06-05,25.5
3082,Sham,CDDO-EA,2019-06-12,27.2
3082,Sham,CDDO-EA,2019-06-19,28.2
3082,Sham,CDDO-EA,2019-06-26,28.4
3082,Sham,CDDO-EA,2019-07-03,28.5
3082,Sham,CDDO-EA,2019-07-10,28.4
3082,Sham,CDDO-EA,2019-07-17,29
3082,Sham,CDDO-EA,2019-07-24,28.5
3082,Sham,CDDO-EA,2019-07-31,28.4
3082,Sham,CDDO-EA,2019-08-07,27.9
3082,Sham,CDDO-EA,2019-08-14,27.9
3082,Sham,CDDO-EA,2019-08-21,28
3082,Sham,CDDO-EA,2019-08-28,28.9
3082,Sham,CDDO-EA,2019-09-04,27.5
3082,Sham,CDDO-EA,2019-09-11,27.3
3082,Sham,CDDO-EA,2019-09-18,27.4
3082,Sham,CDDO-EA,2019-09-25,27.8
3082,Sham,CDDO-EA,2019-10-02,27.4
3082,Sham,CDDO-EA,2019-10-09,27.6
3082,Sham,CDDO-EA,2019-10-15,28.6
3082,Sham,CDDO-EA,2019-10-22,28.3
3082,Sham,CDDO-EA,2019-10-30,28
3082,Sham,CDDO-EA,2019-11-05,28.4
3082,Sham,CDDO-EA,2019-11-13,27.7
3082,Sham,CDDO-EA,2019-11-20,29.8
3082,Sham,CDDO-EA,2019-11-27,29.9
3082,Sham,CDDO-EA,2019-12-14,28
3082,Sham,CDDO-EA,2019-12-11,29.4
3082,Sham,CDDO-EA,2019-12-20,29.4
3082,Sham,CDDO-EA,2019-12-26,34.4
3082,Sham,CDDO-EA,2020-01-02,29.3
3082,Sham,CDDO-EA,2020-01-08,32.5
3082,Sham,CDDO-EA,2020-01-15,30
3082,Sham,CDDO-EA,2020-01-22,29.9
3082,Sham,CDDO-EA,2020-01-29,29
3082,Sham,CDDO-EA,2020-02-05,28.4
3082,Sham,CDDO-EA,2020-02-12,30.4
3082,Sham,CDDO-EA,2020-02-19,31.8
3082,Sham,CDDO-EA,2020-02-26,31.1
3082,Sham,CDDO-EA,2020-03-04,32
3082,Sham,CDDO-EA,2020-03-20,32.9
3082,Sham,CDDO-EA,2020-04-24,39.8
3083,Sham,CDDO-EA,2019-04-03,23.2
3083,Sham,CDDO-EA,2019-05-01,26.5
3083,Sham,CDDO-EA,2019-05-07,24.8
3083,Sham,CDDO-EA,2019-05-28,25.3
3083,Sham,CDDO-EA,2019-06-05,22.8
3083,Sham,CDDO-EA,2019-06-12,25.7
3083,Sham,CDDO-EA,2019-06-19,26.7
3083,Sham,CDDO-EA,2019-06-26,25.7
3083,Sham,CDDO-EA,2019-07-03,25.8
3083,Sham,CDDO-EA,2019-07-10,26.4
3083,Sham,CDDO-EA,2019-07-17,25.4
3083,Sham,CDDO-EA,2019-07-24,25.4
3083,Sham,CDDO-EA,2019-07-31,25.7
3083,Sham,CDDO-EA,2019-08-07,25.5
3083,Sham,CDDO-EA,2019-08-14,25.4
3083,Sham,CDDO-EA,2019-08-21,27.1
3083,Sham,CDDO-EA,2019-08-28,26.3
3083,Sham,CDDO-EA,2019-09-04,27.3
3083,Sham,CDDO-EA,2019-09-11,25.7
3083,Sham,CDDO-EA,2019-09-18,25.6
3083,Sham,CDDO-EA,2019-09-25,26.1
3083,Sham,CDDO-EA,2019-10-02,25.9
3083,Sham,CDDO-EA,2019-10-09,26.1
3083,Sham,CDDO-EA,2019-10-15,27.6
3083,Sham,CDDO-EA,2019-10-22,26.9
3083,Sham,CDDO-EA,2019-10-30,26.8
3083,Sham,CDDO-EA,2019-11-05,29
3083,Sham,CDDO-EA,2019-11-13,27.2
3083,Sham,CDDO-EA,2019-11-20,27.8
3083,Sham,CDDO-EA,2019-11-27,32
3083,Sham,CDDO-EA,2019-12-14,29.5
3083,Sham,CDDO-EA,2019-12-11,28.2
3083,Sham,CDDO-EA,2019-12-20,29
3083,Sham,CDDO-EA,2019-12-26,30
3083,Sham,CDDO-EA,2020-01-02,28.2
3083,Sham,CDDO-EA,2020-01-08,30.9
3083,Sham,CDDO-EA,2020-01-15,29
3083,Sham,CDDO-EA,2020-01-22,27.8
3083,Sham,CDDO-EA,2020-01-29,27.6
3083,Sham,CDDO-EA,2020-02-05,28.2
3083,Sham,CDDO-EA,2020-02-12,33
3083,Sham,CDDO-EA,2020-02-19,30.4
3083,Sham,CDDO-EA,2020-02-26,31.1
3083,Sham,CDDO-EA,2020-03-04,31.7
3083,Sham,CDDO-EA,2020-03-20,34.5
3083,Sham,CDDO-EA,2020-04-24,40
3084,Sham,CDDO-EA,2019-04-03,21.9
3084,Sham,CDDO-EA,2019-05-01,23.3
3084,Sham,CDDO-EA,2019-05-07,23.6
3084,Sham,CDDO-EA,2019-05-28,23.2
3084,Sham,CDDO-EA,2019-06-05,22.9
3084,Sham,CDDO-EA,2019-06-12,25.7
3084,Sham,CDDO-EA,2019-06-19,25.3
3084,Sham,CDDO-EA,2019-06-26,25.6
3084,Sham,CDDO-EA,2019-07-03,23.8
3084,Sham,CDDO-EA,2019-07-10,23.9
3084,Sham,CDDO-EA,2019-07-17,25.3
3084,Sham,CDDO-EA,2019-07-24,25.1
3084,Sham,CDDO-EA,2019-07-31,25.3
3084,Sham,CDDO-EA,2019-08-07,25.7
3084,Sham,CDDO-EA,2019-08-14,24.9
3084,Sham,CDDO-EA,2019-08-21,24.5
3084,Sham,CDDO-EA,2019-08-28,25
3084,Sham,CDDO-EA,2019-09-04,25
3084,Sham,CDDO-EA,2019-09-11,25.7
3084,Sham,CDDO-EA,2019-09-18,26.1
3084,Sham,CDDO-EA,2019-09-25,27.3
3084,Sham,CDDO-EA,2019-10-02,25.7
3084,Sham,CDDO-EA,2019-10-09,25.5
3084,Sham,CDDO-EA,2019-10-15,26.7
3084,Sham,CDDO-EA,2019-10-22,27.4
3084,Sham,CDDO-EA,2019-10-30,26.4
3084,Sham,CDDO-EA,2019-11-05,27.3
3084,Sham,CDDO-EA,2019-11-13,27.2
3084,Sham,CDDO-EA,2019-11-20,27
3084,Sham,CDDO-EA,2019-11-27,29
3084,Sham,CDDO-EA,2019-12-14,27.9
3084,Sham,CDDO-EA,2019-12-11,29
3084,Sham,CDDO-EA,2019-12-20,29
3084,Sham,CDDO-EA,2019-12-26,29.5
3084,Sham,CDDO-EA,2020-01-02,28.3
3084,Sham,CDDO-EA,2020-01-08,29.7
3084,Sham,CDDO-EA,2020-01-15,27.9
3084,Sham,CDDO-EA,2020-01-22,28.2
3084,Sham,CDDO-EA,2020-01-29,25.5
3084,Sham,CDDO-EA,2020-02-05,25.1
3084,Sham,CDDO-EA,2020-02-12,27.5
3084,Sham,CDDO-EA,2020-02-19,28.9
3084,Sham,CDDO-EA,2020-02-26,32
3084,Sham,CDDO-EA,2020-03-04,34.3
3084,Sham,CDDO-EA,2020-03-20,37
3084,Sham,CDDO-EA,2020-04-24,39.1
3085,Sham,CDDO-EA,2019-04-03,21.1
3085,Sham,CDDO-EA,2019-05-01,22.3
3085,Sham,CDDO-EA,2019-05-07,22.2
3085,Sham,CDDO-EA,2019-05-28,21.7
3085,Sham,CDDO-EA,2019-06-05,22.4
3085,Sham,CDDO-EA,2019-06-12,23
3085,Sham,CDDO-EA,2019-06-19,23.8
3085,Sham,CDDO-EA,2019-06-26,22.1
3085,Sham,CDDO-EA,2019-07-03,22.7
3085,Sham,CDDO-EA,2019-07-10,22.4
3085,Sham,CDDO-EA,2019-07-17,23.2
3085,Sham,CDDO-EA,2019-07-24,24.5
3085,Sham,CDDO-EA,2019-07-31,23.1
3085,Sham,CDDO-EA,2019-08-07,23.5
3085,Sham,CDDO-EA,2019-08-14,23.6
3085,Sham,CDDO-EA,2019-08-21,24.1
3085,Sham,CDDO-EA,2019-08-28,23.6
3085,Sham,CDDO-EA,2019-09-04,23.8
3085,Sham,CDDO-EA,2019-09-11,23.2
3085,Sham,CDDO-EA,2019-09-18,23.2
3085,Sham,CDDO-EA,2019-09-25,24.4
3085,Sham,CDDO-EA,2019-10-02,24.3
3085,Sham,CDDO-EA,2019-10-09,24.1
3085,Sham,CDDO-EA,2019-10-15,24.4
3085,Sham,CDDO-EA,2019-10-22,25
3085,Sham,CDDO-EA,2019-10-30,24.3
3085,Sham,CDDO-EA,2019-11-05,25
3085,Sham,CDDO-EA,2019-11-13,24.7
3085,Sham,CDDO-EA,2019-11-20,26.8
3085,Sham,CDDO-EA,2019-11-27,29.2
3085,Sham,CDDO-EA,2019-12-14,25.4
3085,Sham,CDDO-EA,2019-12-11,26.2
3085,Sham,CDDO-EA,2019-12-20,26.4
3085,Sham,CDDO-EA,2019-12-26,27.8
3085,Sham,CDDO-EA,2020-01-02,27.8
3085,Sham,CDDO-EA,2020-01-08,27.3
3085,Sham,CDDO-EA,2020-01-15,25.6
3085,Sham,CDDO-EA,2020-01-22,25.4
3085,Sham,CDDO-EA,2020-01-29,25.6
3085,Sham,CDDO-EA,2020-02-05,25.8
3085,Sham,CDDO-EA,2020-02-12,28.1
3085,Sham,CDDO-EA,2020-02-19,28.9
3085,Sham,CDDO-EA,2020-02-26,29.8
3085,Sham,CDDO-EA,2020-03-04,29
3085,Sham,CDDO-EA,2020-03-20,28.5
3085,Sham,CDDO-EA,2020-04-24,28.8
3086,Sham,CDDO-EA,2019-04-03,22
3086,Sham,CDDO-EA,2019-05-01,22.8
3086,Sham,CDDO-EA,2019-05-07,23.1
3086,Sham,CDDO-EA,2019-05-28,23.5
3086,Sham,CDDO-EA,2019-06-05,23.4
3086,Sham,CDDO-EA,2019-06-12,25.3
3086,Sham,CDDO-EA,2019-06-19,25.5
3086,Sham,CDDO-EA,2019-06-26,25.8
3086,Sham,CDDO-EA,2019-07-03,24.8
3086,Sham,CDDO-EA,2019-07-10,24.7
3086,Sham,CDDO-EA,2019-07-17,24.8
3086,Sham,CDDO-EA,2019-07-24,25.5
3086,Sham,CDDO-EA,2019-07-31,26.2
3086,Sham,CDDO-EA,2019-08-07,24.8
3086,Sham,CDDO-EA,2019-08-14,24.8
3086,Sham,CDDO-EA,2019-08-21,25
3086,Sham,CDDO-EA,2019-08-28,25.3
3086,Sham,CDDO-EA,2019-09-04,25.5
3086,Sham,CDDO-EA,2019-09-11,25
3086,Sham,CDDO-EA,2019-09-18,25
3086,Sham,CDDO-EA,2019-09-25,25.6
3086,Sham,CDDO-EA,2019-10-02,26.2
3086,Sham,CDDO-EA,2019-10-09,25.2
3086,Sham,CDDO-EA,2019-10-15,25.9
3086,Sham,CDDO-EA,2019-10-22,27.4
3086,Sham,CDDO-EA,2019-10-30,26.2
3086,Sham,CDDO-EA,2019-11-05,27.1
3086,Sham,CDDO-EA,2019-11-13,26.6
3086,Sham,CDDO-EA,2019-11-20,29.2
3086,Sham,CDDO-EA,2019-11-27,32.6
3086,Sham,CDDO-EA,2019-12-14,31.8
3086,Sham,CDDO-EA,2019-12-11,30.4
3086,Sham,CDDO-EA,2019-12-20,29.6
3086,Sham,CDDO-EA,2019-12-26,31.5
3086,Sham,CDDO-EA,2020-01-02,30.6
3086,Sham,CDDO-EA,2020-01-08,31.2
3086,Sham,CDDO-EA,2020-01-15,29.7
3086,Sham,CDDO-EA,2020-01-22,29.2
3086,Sham,CDDO-EA,2020-01-29,28.6
3086,Sham,CDDO-EA,2020-02-05,27.9
3086,Sham,CDDO-EA,2020-02-12,30.9
3086,Sham,CDDO-EA,2020-02-19,30.9
3086,Sham,CDDO-EA,2020-02-26,30.9
3086,Sham,CDDO-EA,2020-03-04,31.2
3086,Sham,CDDO-EA,2020-03-20,31.3
3086,Sham,CDDO-EA,2020-04-24,40.1
3087,Sham,Vehicle,2019-04-03,26.6
3087,Sham,Vehicle,2019-05-01,28.8
3087,Sham,Vehicle,2019-05-07,29
3087,Sham,Vehicle,2019-05-28,30.1
3087,Sham,Vehicle,2019-06-05,26.6
3087,Sham,Vehicle,2019-06-12,27.8
3087,Sham,Vehicle,2019-06-19,27.5
3087,Sham,Vehicle,2019-06-26,28.4
3087,Sham,Vehicle,2019-07-03,28.7
3087,Sham,Vehicle,2019-07-10,29.8
3087,Sham,Vehicle,2019-07-17,29.4
3087,Sham,Vehicle,2019-07-24,30.1
3087,Sham,Vehicle,2019-07-31,29.1
3087,Sham,Vehicle,2019-08-07,29.8
3087,Sham,Vehicle,2019-08-14,28.5
3087,Sham,Vehicle,2019-08-21,29.5
3087,Sham,Vehicle,2019-08-28,28.3
3087,Sham,Vehicle,2019-09-04,28.5
3087,Sham,Vehicle,2019-09-11,29.3
3087,Sham,Vehicle,2019-09-18,28.4
3087,Sham,Vehicle,2019-09-25,29.8
3087,Sham,Vehicle,2019-10-02,29.3
3087,Sham,Vehicle,2019-10-09,28.9
3087,Sham,Vehicle,2019-10-15,28.7
3087,Sham,Vehicle,2019-10-22,30.2
3087,Sham,Vehicle,2019-10-30,29.1
3087,Sham,Vehicle,2019-11-05,29.7
3087,Sham,Vehicle,2019-11-13,30.2
3087,Sham,Vehicle,2019-11-20,31.5
3087,Sham,Vehicle,2019-11-27,30.3
3087,Sham,Vehicle,2019-12-14,30.4
3087,Sham,Vehicle,2019-12-11,30.6
3087,Sham,Vehicle,2019-12-20,30.6
3087,Sham,Vehicle,2019-12-26,33
3087,Sham,Vehicle,2020-01-02,30.5
3087,Sham,Vehicle,2020-01-08,32.1
3087,Sham,Vehicle,2020-01-15,30.5
3087,Sham,Vehicle,2020-01-22,30.5
3087,Sham,Vehicle,2020-01-29,30.7
3087,Sham,Vehicle,2020-02-05,31.3
3087,Sham,Vehicle,2020-02-12,31.6
3087,Sham,Vehicle,2020-02-19,32
3087,Sham,Vehicle,2020-02-26,32.9
3087,Sham,Vehicle,2020-03-04,34.6
3087,Sham,Vehicle,2020-03-20,33.7
3087,Sham,Vehicle,2020-04-24,37.2
3088,Sham,Vehicle,2019-04-03,25.6
3088,Sham,Vehicle,2019-05-01,26.9
3088,Sham,Vehicle,2019-05-07,28
3088,Sham,Vehicle,2019-05-28,30.7
3088,Sham,Vehicle,2019-06-05,26.8
3088,Sham,Vehicle,2019-06-12,26.7
3088,Sham,Vehicle,2019-06-19,28.3
3088,Sham,Vehicle,2019-06-26,28.8
3088,Sham,Vehicle,2019-07-03,28.8
3088,Sham,Vehicle,2019-07-10,27.9
3088,Sham,Vehicle,2019-07-17,27.7
3088,Sham,Vehicle,2019-07-24,27.6
3088,Sham,Vehicle,2019-07-31,28.3
3088,Sham,Vehicle,2019-08-07,28
3088,Sham,Vehicle,2019-08-14,27.5
3088,Sham,Vehicle,2019-08-21,27.5
3088,Sham,Vehicle,2019-08-28,27.5
3088,Sham,Vehicle,2019-09-04,28
3088,Sham,Vehicle,2019-09-11,27.5
3088,Sham,Vehicle,2019-09-18,26.7
3088,Sham,Vehicle,2019-09-25,27.6
3088,Sham,Vehicle,2019-10-02,28.7
3088,Sham,Vehicle,2019-10-09,27.1
3088,Sham,Vehicle,2019-10-15,27.5
3088,Sham,Vehicle,2019-10-22,28.5
3088,Sham,Vehicle,2019-10-30,28.2
3088,Sham,Vehicle,2019-11-05,28.9
3088,Sham,Vehicle,2019-11-13,28.6
3088,Sham,Vehicle,2019-11-20,31
3088,Sham,Vehicle,2019-11-27,34.5
3088,Sham,Vehicle,2019-12-14,33.4
3088,Sham,Vehicle,2019-12-11,32.4
3088,Sham,Vehicle,2019-12-20,32.6
3088,Sham,Vehicle,2019-12-26,33.9
3088,Sham,Vehicle,2020-01-02,33.1
3088,Sham,Vehicle,2020-01-08,35.8
3088,Sham,Vehicle,2020-01-15,32.6
3088,Sham,Vehicle,2020-01-22,33
3088,Sham,Vehicle,2020-01-29,32.9
3088,Sham,Vehicle,2020-02-05,32.6
3088,Sham,Vehicle,2020-02-12,35.9
3088,Sham,Vehicle,2020-02-19,37
3088,Sham,Vehicle,2020-02-26,39.9
3088,Sham,Vehicle,2020-03-04,41.4
3088,Sham,Vehicle,2020-03-20,43.8
3088,Sham,Vehicle,2020-04-24,51.5
3089,Sham,Vehicle,2019-04-03,24.5
3089,Sham,Vehicle,2019-05-01,25.1
3089,Sham,Vehicle,2019-05-07,28.1
3089,Sham,Vehicle,2019-05-28,26.4
3089,Sham,Vehicle,2019-06-05,25.4
3089,Sham,Vehicle,2019-06-12,27.7
3089,Sham,Vehicle,2019-06-19,29.4
3089,Sham,Vehicle,2019-06-26,28.9
3089,Sham,Vehicle,2019-07-03,30.3
3089,Sham,Vehicle,2019-07-10,29
3089,Sham,Vehicle,2019-07-17,29.4
3089,Sham,Vehicle,2019-07-24,28.9
3089,Sham,Vehicle,2019-07-31,27.9
3089,Sham,Vehicle,2019-08-07,27.3
3089,Sham,Vehicle,2019-08-14,27.4
3089,Sham,Vehicle,2019-08-21,28.3
3089,Sham,Vehicle,2019-08-28,29.6
3089,Sham,Vehicle,2019-09-04,29.3
3089,Sham,Vehicle,2019-09-11,28.9
3089,Sham,Vehicle,2019-09-18,28.9
3089,Sham,Vehicle,2019-09-25,29.2
3089,Sham,Vehicle,2019-10-02,31.2
3089,Sham,Vehicle,2019-10-09,29
3089,Sham,Vehicle,2019-10-15,29.7
3089,Sham,Vehicle,2019-10-22,30.2
3089,Sham,Vehicle,2019-10-30,29.7
3089,Sham,Vehicle,2019-11-05,30.3
3089,Sham,Vehicle,2019-11-13,31.4
3089,Sham,Vehicle,2019-11-20,33.2
3089,Sham,Vehicle,2019-11-27,33.3
3089,Sham,Vehicle,2019-12-14,33.1
3089,Sham,Vehicle,2019-12-11,33
3089,Sham,Vehicle,2019-12-20,32.1
3089,Sham,Vehicle,2019-12-26,34.4
3089,Sham,Vehicle,2020-01-02,34
3089,Sham,Vehicle,2020-01-08,34
3089,Sham,Vehicle,2020-01-15,32.1
3089,Sham,Vehicle,2020-01-22,31.8
3089,Sham,Vehicle,2020-01-29,31.8
3089,Sham,Vehicle,2020-02-05,32
3089,Sham,Vehicle,2020-02-12,34
3089,Sham,Vehicle,2020-02-19,35.4
3089,Sham,Vehicle,2020-02-26,36.4
3089,Sham,Vehicle,2020-03-04,38
3089,Sham,Vehicle,2020-03-20,39.1
3089,Sham,Vehicle,2020-04-24,42.3
3090,Sham,Vehicle,2019-04-03,23.4
3090,Sham,Vehicle,2019-05-01,25.6
3090,Sham,Vehicle,2019-05-07,25.9
3090,Sham,Vehicle,2019-05-28,28.3
3090,Sham,Vehicle,2019-06-05,24.6
3090,Sham,Vehicle,2019-06-12,26.1
3090,Sham,Vehicle,2019-06-19,27.4
3090,Sham,Vehicle,2019-06-26,27
3090,Sham,Vehicle,2019-07-03,27.5
3090,Sham,Vehicle,2019-07-10,28.1
3090,Sham,Vehicle,2019-07-17,27.5
3090,Sham,Vehicle,2019-07-24,27.8
3090,Sham,Vehicle,2019-07-31,28.8
3090,Sham,Vehicle,2019-08-07,27.6
3090,Sham,Vehicle,2019-08-14,27.5
3090,Sham,Vehicle,2019-08-21,27
3090,Sham,Vehicle,2019-08-28,27.7
3090,Sham,Vehicle,2019-09-04,27.4
3090,Sham,Vehicle,2019-09-11,27.4
3090,Sham,Vehicle,2019-09-18,26.8
3090,Sham,Vehicle,2019-09-25,27.5
3090,Sham,Vehicle,2019-10-02,29.2
3090,Sham,Vehicle,2019-10-09,27
3090,Sham,Vehicle,2019-10-15,27.6
3090,Sham,Vehicle,2019-10-22,27.4
3090,Sham,Vehicle,2019-10-30,27.4
3090,Sham,Vehicle,2019-11-05,28.3
3090,Sham,Vehicle,2019-11-13,28.2
3090,Sham,Vehicle,2019-11-20,30.8
3090,Sham,Vehicle,2019-11-27,31.1
3090,Sham,Vehicle,2019-12-14,29.3
3090,Sham,Vehicle,2019-12-11,30.4
3090,Sham,Vehicle,2019-12-20,30.3
3090,Sham,Vehicle,2019-12-26,31.3
3090,Sham,Vehicle,2020-01-02,30
3090,Sham,Vehicle,2020-01-08,32
3090,Sham,Vehicle,2020-01-15,30.9
3090,Sham,Vehicle,2020-01-22,31.2
3090,Sham,Vehicle,2020-01-29,31.4
3090,Sham,Vehicle,2020-02-05,30.9
3090,Sham,Vehicle,2020-02-12,33.6
3090,Sham,Vehicle,2020-02-19,34.1
3090,Sham,Vehicle,2020-02-26,35.6
3090,Sham,Vehicle,2020-03-04,36.7
3090,Sham,Vehicle,2020-03-20,38.8
3090,Sham,Vehicle,2020-04-24,37.8
3043,Sham,Vehicle,2019-04-03,25.6
3043,Sham,Vehicle,2019-05-01,25.1
3043,Sham,Vehicle,2019-05-07,25.3
3043,Sham,Vehicle,2019-05-28,27.8
3043,Sham,Vehicle,2019-06-05,25.2
3043,Sham,Vehicle,2019-06-12,26.1
3043,Sham,Vehicle,2019-06-19,27.9
3043,Sham,Vehicle,2019-06-26,26.7
3043,Sham,Vehicle,2019-07-03,27.9
3043,Sham,Vehicle,2019-07-10,27.7
3043,Sham,Vehicle,2019-07-17,27.9
3043,Sham,Vehicle,2019-07-24,27.9
3043,Sham,Vehicle,2019-07-31,28.2
3043,Sham,Vehicle,2019-08-07,27.8
3043,Sham,Vehicle,2019-08-14,27.8
3043,Sham,Vehicle,2019-08-21,28.4
3043,Sham,Vehicle,2019-08-28,27.7
3043,Sham,Vehicle,2019-09-04,28.3
3043,Sham,Vehicle,2019-09-11,28.1
3043,Sham,Vehicle,2019-09-18,29
3043,Sham,Vehicle,2019-09-25,28.5
3043,Sham,Vehicle,2019-10-02,28.9
3043,Sham,Vehicle,2019-10-09,27.8
3043,Sham,Vehicle,2019-10-15,28.7
3043,Sham,Vehicle,2019-10-22,28.8
3043,Sham,Vehicle,2019-10-30,28.4
3043,Sham,Vehicle,2019-11-05,28.9
3043,Sham,Vehicle,2019-11-13,29
3043,Sham,Vehicle,2019-11-20,28.8
3043,Sham,Vehicle,2019-11-27,29.4
3043,Sham,Vehicle,2019-12-14,28.2
3043,Sham,Vehicle,2019-12-11,29.5
3043,Sham,Vehicle,2019-12-20,31
3043,Sham,Vehicle,2019-12-26,32.8
3043,Sham,Vehicle,2020-01-02,30.7
3043,Sham,Vehicle,2020-01-08,31.8
3043,Sham,Vehicle,2020-01-15,30
3043,Sham,Vehicle,2020-01-22,30
3043,Sham,Vehicle,2020-01-29,29.4
3043,Sham,Vehicle,2020-02-05,29.9
3043,Sham,Vehicle,2020-02-12,31.8
3043,Sham,Vehicle,2020-02-19,33.1
3043,Sham,Vehicle,2020-02-26,32.4
3043,Sham,Vehicle,2020-03-04,33.9
3043,Sham,Vehicle,2020-03-20,35
3043,Sham,Vehicle,2020-04-24,39.2
3091,Sham,Vehicle,2019-04-03,22
3091,Sham,Vehicle,2019-05-01,24.3
3091,Sham,Vehicle,2019-05-07,26.6
3091,Sham,Vehicle,2019-05-28,27.3
3091,Sham,Vehicle,2019-06-05,24.1
3091,Sham,Vehicle,2019-06-12,26.4
3091,Sham,Vehicle,2019-06-19,26.5
3091,Sham,Vehicle,2019-06-26,26.9
3091,Sham,Vehicle,2019-07-03,27.1
3091,Sham,Vehicle,2019-07-10,27.4
3091,Sham,Vehicle,2019-07-17,27.3
3091,Sham,Vehicle,2019-07-24,27.4
3091,Sham,Vehicle,2019-07-31,28.4
3091,Sham,Vehicle,2019-08-07,26.7
3091,Sham,Vehicle,2019-08-14,26.6
3091,Sham,Vehicle,2019-08-21,26.3
3091,Sham,Vehicle,2019-08-28,25.5
3091,Sham,Vehicle,2019-09-04,25.7
3091,Sham,Vehicle,2019-09-11,25.3
3091,Sham,Vehicle,2019-09-18,25.4
3091,Sham,Vehicle,2019-09-25,25.8
3091,Sham,Vehicle,2019-10-02,25.8
3091,Sham,Vehicle,2019-10-09,24.9
3091,Sham,Vehicle,2019-10-15,26.7
3091,Sham,Vehicle,2019-10-22,26.8
3091,Sham,Vehicle,2019-10-30,27.2
3091,Sham,Vehicle,2019-11-05,28.3
3091,Sham,Vehicle,2019-11-13,27.7
3091,Sham,Vehicle,2019-11-20,29.8
3091,Sham,Vehicle,2019-11-27,33.4
3091,Sham,Vehicle,2019-12-14,32.2
3091,Sham,Vehicle,2019-12-11,31.4
3091,Sham,Vehicle,2019-12-20,31.7
3091,Sham,Vehicle,2019-12-26,32.7
3091,Sham,Vehicle,2020-01-02,30.5
3091,Sham,Vehicle,2020-01-08,31.8
3091,Sham,Vehicle,2020-01-15,29.5
3091,Sham,Vehicle,2020-01-22,30.8
3091,Sham,Vehicle,2020-01-29,30.4
3091,Sham,Vehicle,2020-02-05,30.5
3091,Sham,Vehicle,2020-02-12,33.5
3091,Sham,Vehicle,2020-02-19,32.3
3091,Sham,Vehicle,2020-02-26,30.2
3091,Sham,Vehicle,2020-03-04,29.7
3091,Sham,Vehicle,2020-03-20,35.5
3091,Sham,Vehicle,2020-04-24,41.6
3092,Sham,Vehicle,2019-04-03,28
3092,Sham,Vehicle,2019-05-01,28.1
3092,Sham,Vehicle,2019-05-07,28.6
3092,Sham,Vehicle,2019-05-28,29.5
3092,Sham,Vehicle,2019-06-05,26.4
3092,Sham,Vehicle,2019-06-12,29.1
3092,Sham,Vehicle,2019-06-19,28.8
3092,Sham,Vehicle,2019-06-26,28.9
3092,Sham,Vehicle,2019-07-03,29.5
3092,Sham,Vehicle,2019-07-10,28.9
3092,Sham,Vehicle,2019-07-17,29
3092,Sham,Vehicle,2019-07-24,29.5
3092,Sham,Vehicle,2019-07-31,29.2
3092,Sham,Vehicle,2019-08-07,29.3
3092,Sham,Vehicle,2019-08-14,29
3092,Sham,Vehicle,2019-08-21,29.4
3092,Sham,Vehicle,2019-08-28,28.5
3092,Sham,Vehicle,2019-09-04,28.7
3092,Sham,Vehicle,2019-09-11,29.1
3092,Sham,Vehicle,2019-09-18,29.6
3092,Sham,Vehicle,2019-09-25,29.8
3092,Sham,Vehicle,2019-10-02,30
3092,Sham,Vehicle,2019-10-09,29.3
3092,Sham,Vehicle,2019-10-15,29.4
3092,Sham,Vehicle,2019-10-22,31
3092,Sham,Vehicle,2019-10-30,30.6
3092,Sham,Vehicle,2019-11-05,31.2
3092,Sham,Vehicle,2019-11-13,31.1
3092,Sham,Vehicle,2019-11-20,33.1
3092,Sham,Vehicle,2019-11-27,36.1
3092,Sham,Vehicle,2019-12-14,34
3092,Sham,Vehicle,2019-12-11,34.1
3092,Sham,Vehicle,2019-12-20,33.7
3092,Sham,Vehicle,2019-12-26,34.4
3092,Sham,Vehicle,2020-01-02,32.5
3092,Sham,Vehicle,2020-01-08,33.3
3092,Sham,Vehicle,2020-01-15,31.1
3092,Sham,Vehicle,2020-01-22,32.3
3092,Sham,Vehicle,2020-01-29,31.8
3092,Sham,Vehicle,2020-02-05,31.4
3092,Sham,Vehicle,2020-02-12,36.1
3092,Sham,Vehicle,2020-02-19,36.8
3092,Sham,Vehicle,2020-02-26,39.1
3092,Sham,Vehicle,2020-03-04,38.8
3092,Sham,Vehicle,2020-03-20,40
3092,Sham,Vehicle,2020-04-24,41.8
3093,Sham,Vehicle,2019-04-03,24.2
3093,Sham,Vehicle,2019-05-01,26.2
3093,Sham,Vehicle,2019-05-07,26.5
3093,Sham,Vehicle,2019-05-28,26.9
3093,Sham,Vehicle,2019-06-05,25.9
3093,Sham,Vehicle,2019-06-12,29.3
3093,Sham,Vehicle,2019-06-19,28.6
3093,Sham,Vehicle,2019-06-26,29.7
3093,Sham,Vehicle,2019-07-03,29.5
3093,Sham,Vehicle,2019-07-10,29.2
3093,Sham,Vehicle,2019-07-17,29.7
3093,Sham,Vehicle,2019-07-24,29.7
3093,Sham,Vehicle,2019-07-31,30.3
3093,Sham,Vehicle,2019-08-07,30.8
3093,Sham,Vehicle,2019-08-14,29.5
3093,Sham,Vehicle,2019-08-21,29.1
3093,Sham,Vehicle,2019-08-28,29.3
3093,Sham,Vehicle,2019-09-04,30.3
3093,Sham,Vehicle,2019-09-11,28.7
3093,Sham,Vehicle,2019-09-18,29.1
3093,Sham,Vehicle,2019-09-25,29.4
3093,Sham,Vehicle,2019-10-02,28.9
3093,Sham,Vehicle,2019-10-09,29
3093,Sham,Vehicle,2019-10-15,30.4
3093,Sham,Vehicle,2019-10-22,31.7
3093,Sham,Vehicle,2019-10-30,29.6
3093,Sham,Vehicle,2019-11-05,29.3
3093,Sham,Vehicle,2019-11-13,28.6
3093,Sham,Vehicle,2019-11-20,29.7
3093,Sham,Vehicle,2019-11-27,28.6
3093,Sham,Vehicle,2019-12-14,27.2
3093,Sham,Vehicle,2019-12-11,29.1
3093,Sham,Vehicle,2019-12-20,30.5
3093,Sham,Vehicle,2019-12-26,31.6
3093,Sham,Vehicle,2020-01-02,30.4
3093,Sham,Vehicle,2020-01-08,32.7
3093,Sham,Vehicle,2020-01-15,31.3
3093,Sham,Vehicle,2020-01-22,29.6
3093,Sham,Vehicle,2020-01-29,29.6
3093,Sham,Vehicle,2020-02-05,30.7
3093,Sham,Vehicle,2020-02-12,33
3093,Sham,Vehicle,2020-02-19,32.3
3093,Sham,Vehicle,2020-02-26,32.2
3093,Sham,Vehicle,2020-03-04,34.4
3093,Sham,Vehicle,2020-03-20,36.8
3093,Sham,Vehicle,2020-04-24,40.9
3094,Sham,Vehicle,2019-04-03,23.8
3094,Sham,Vehicle,2019-05-01,26.3
3094,Sham,Vehicle,2019-05-07,27.6
3094,Sham,Vehicle,2019-05-28,29.2
3094,Sham,Vehicle,2019-06-05,26.4
3094,Sham,Vehicle,2019-06-12,27.6
3094,Sham,Vehicle,2019-06-19,28.9
3094,Sham,Vehicle,2019-06-26,28.8
3094,Sham,Vehicle,2019-07-03,28.6
3094,Sham,Vehicle,2019-07-10,29.2
3094,Sham,Vehicle,2019-07-17,28.2
3094,Sham,Vehicle,2019-07-24,28.2
3094,Sham,Vehicle,2019-07-31,29.1
3094,Sham,Vehicle,2019-08-07,27.8
3094,Sham,Vehicle,2019-08-14,27.3
3094,Sham,Vehicle,2019-08-21,26.7
3094,Sham,Vehicle,2019-08-28,26.7
3094,Sham,Vehicle,2019-09-04,28.2
3094,Sham,Vehicle,2019-09-11,27.6
3094,Sham,Vehicle,2019-09-18,27.8
3094,Sham,Vehicle,2019-09-25,28.9
3094,Sham,Vehicle,2019-10-02,29.1
3094,Sham,Vehicle,2019-10-09,28
3094,Sham,Vehicle,2019-10-15,28.6
3094,Sham,Vehicle,2019-10-22,29.4
3094,Sham,Vehicle,2019-10-30,29
3094,Sham,Vehicle,2019-11-05,29.5
3094,Sham,Vehicle,2019-11-13,28.4
3094,Sham,Vehicle,2019-11-20,31.7
3094,Sham,Vehicle,2019-11-27,34.8
3094,Sham,Vehicle,2019-12-14,32.1
3094,Sham,Vehicle,2019-12-11,31.8
3094,Sham,Vehicle,2019-12-20,31.2
3094,Sham,Vehicle,2019-12-26,31.5
3094,Sham,Vehicle,2020-01-02,30.9
3094,Sham,Vehicle,2020-01-08,33.1
3094,Sham,Vehicle,2020-01-15,31.7
3094,Sham,Vehicle,2020-01-22,30.7
3094,Sham,Vehicle,2020-01-29,30
3094,Sham,Vehicle,2020-02-05,30.1
3094,Sham,Vehicle,2020-02-12,32.4
3094,Sham,Vehicle,2020-02-19,32.4
3094,Sham,Vehicle,2020-02-26,34.8
3094,Sham,Vehicle,2020-03-04,36.4
3094,Sham,Vehicle,2020-03-20,40.2
3094,Sham,Vehicle,2020-04-24,40.8
3095,Sham,Vehicle,2019-04-03,27.8
3095,Sham,Vehicle,2019-05-01,36.9
3095,Sham,Vehicle,2019-05-07,35.3
3095,Sham,Vehicle,2019-05-28,34.9
3095,Sham,Vehicle,2019-06-05,31.7
3095,Sham,Vehicle,2019-06-12,31.9
3095,Sham,Vehicle,2019-06-19,32.3
3095,Sham,Vehicle,2019-06-26,32.3
3095,Sham,Vehicle,2019-07-03,32
3095,Sham,Vehicle,2019-07-10,31.5
3095,Sham,Vehicle,2019-07-17,32.5
3095,Sham,Vehicle,2019-07-24,32
3095,Sham,Vehicle,2019-07-31,32.7
3095,Sham,Vehicle,2019-08-07,31.5
3095,Sham,Vehicle,2019-08-14,31.4
3095,Sham,Vehicle,2019-08-21,30.9
3095,Sham,Vehicle,2019-08-28,31
3095,Sham,Vehicle,2019-09-04,31
3095,Sham,Vehicle,2019-09-11,31.3
3095,Sham,Vehicle,2019-09-18,32.2
3095,Sham,Vehicle,2019-09-25,31.7
3095,Sham,Vehicle,2019-10-02,32.7
3095,Sham,Vehicle,2019-10-09,32.1
3095,Sham,Vehicle,2019-10-15,32.5
3095,Sham,Vehicle,2019-10-22,33.5
3095,Sham,Vehicle,2019-10-30,32.6
3095,Sham,Vehicle,2019-11-05,33.5
3095,Sham,Vehicle,2019-11-13,33.2
3095,Sham,Vehicle,2019-11-20,36.5
3095,Sham,Vehicle,2019-11-27,38.2
3095,Sham,Vehicle,2019-12-14,37.9
3095,Sham,Vehicle,2019-12-11,37.7
3095,Sham,Vehicle,2019-12-20,36.2
3095,Sham,Vehicle,2019-12-26,35
3095,Sham,Vehicle,2020-01-02,36.8
3095,Sham,Vehicle,2020-01-08,37.8
3095,Sham,Vehicle,2020-01-15,35.9
3095,Sham,Vehicle,2020-01-22,35.9
3095,Sham,Vehicle,2020-01-29,35.8
3095,Sham,Vehicle,2020-02-05,35.5
3095,Sham,Vehicle,2020-02-12,39.3
3095,Sham,Vehicle,2020-02-19,41
3095,Sham,Vehicle,2020-02-26,41.7
3095,Sham,Vehicle,2020-03-04,44.4
3095,Sham,Vehicle,2020-03-20,44.4
3095,Sham,Vehicle,2020-04-24,53.7
3096,Sham,Vehicle,2019-04-03,28
3096,Sham,Vehicle,2019-05-01,29.7
3096,Sham,Vehicle,2019-05-07,29.5
3096,Sham,Vehicle,2019-05-28,31.8
3096,Sham,Vehicle,2019-06-05,27.9
3096,Sham,Vehicle,2019-06-12,28.3
3096,Sham,Vehicle,2019-06-19,29.4
3096,Sham,Vehicle,2019-06-26,28.8
3096,Sham,Vehicle,2019-07-03,30.3
3096,Sham,Vehicle,2019-07-10,28.4
3096,Sham,Vehicle,2019-07-17,29.7
3096,Sham,Vehicle,2019-07-24,28.5
3096,Sham,Vehicle,2019-07-31,29.4
3096,Sham,Vehicle,2019-08-07,30.1
3096,Sham,Vehicle,2019-08-14,30.1
3096,Sham,Vehicle,2019-08-21,27.6
3096,Sham,Vehicle,2019-08-28,28.1
3096,Sham,Vehicle,2019-09-04,29.6
3096,Sham,Vehicle,2019-09-11,29.2
3096,Sham,Vehicle,2019-09-18,28.2
3096,Sham,Vehicle,2019-09-25,30.1
3096,Sham,Vehicle,2019-10-02,29.5
3096,Sham,Vehicle,2019-10-09,28.4
3096,Sham,Vehicle,2019-10-15,30.1
3096,Sham,Vehicle,2019-10-22,31.2
3096,Sham,Vehicle,2019-10-30,30.5
3096,Sham,Vehicle,2019-11-05,31.8
3096,Sham,Vehicle,2019-11-13,28.9
3096,Sham,Vehicle,2019-11-20,31.3
3096,Sham,Vehicle,2019-11-27,33
3096,Sham,Vehicle,2019-12-14,30.8
3096,Sham,Vehicle,2019-12-11,32.2
3096,Sham,Vehicle,2019-12-20,32
3096,Sham,Vehicle,2019-12-26,31.5
3096,Sham,Vehicle,2020-01-02,30.4
3096,Sham,Vehicle,2020-01-08,32.5
3096,Sham,Vehicle,2020-01-15,31.2
3096,Sham,Vehicle,2020-01-22,30
3096,Sham,Vehicle,2020-01-29,31.9
3096,Sham,Vehicle,2020-02-05,30.8
3096,Sham,Vehicle,2020-02-12,33.4
3096,Sham,Vehicle,2020-02-19,32.7
3096,Sham,Vehicle,2020-02-26,32.4
3096,Sham,Vehicle,2020-03-04,31.3
3096,Sham,Vehicle,2020-03-20,32.8
3096,Sham,Vehicle,2020-04-24,39.2
3097,Sham,Vehicle,2019-04-03,22
3097,Sham,Vehicle,2019-05-01,23.2
3097,Sham,Vehicle,2019-05-07,22.9
3097,Sham,Vehicle,2019-05-28,24
3097,Sham,Vehicle,2019-06-05,23.4
3097,Sham,Vehicle,2019-06-12,25.3
3097,Sham,Vehicle,2019-06-19,25.3
3097,Sham,Vehicle,2019-06-26,24.4
3097,Sham,Vehicle,2019-07-03,25.4
3097,Sham,Vehicle,2019-07-10,24.9
3097,Sham,Vehicle,2019-07-17,25.6
3097,Sham,Vehicle,2019-07-24,26.4
3097,Sham,Vehicle,2019-07-31,26.4
3097,Sham,Vehicle,2019-08-07,25.3
3097,Sham,Vehicle,2019-08-14,25.4
3097,Sham,Vehicle,2019-08-21,25.3
3097,Sham,Vehicle,2019-08-28,25.2
3097,Sham,Vehicle,2019-09-04,25.1
3097,Sham,Vehicle,2019-09-11,25.2
3097,Sham,Vehicle,2019-09-18,25.9
3097,Sham,Vehicle,2019-09-25,25.3
3097,Sham,Vehicle,2019-10-02,25.9
3097,Sham,Vehicle,2019-10-09,25.5
3097,Sham,Vehicle,2019-10-15,25.8
3097,Sham,Vehicle,2019-10-22,26.2
3097,Sham,Vehicle,2019-10-30,25.7
3097,Sham,Vehicle,2019-11-05,26
3097,Sham,Vehicle,2019-11-13,25.6
3097,Sham,Vehicle,2019-11-20,27.3
3097,Sham,Vehicle,2019-11-27,28.1
3097,Sham,Vehicle,2019-12-14,25.9
3097,Sham,Vehicle,2019-12-11,27.2
3097,Sham,Vehicle,2019-12-20,28.7
3097,Sham,Vehicle,2019-12-26,29.5
3097,Sham,Vehicle,2020-01-02,28
3097,Sham,Vehicle,2020-01-08,29.3
3097,Sham,Vehicle,2020-01-15,27.3
3097,Sham,Vehicle,2020-01-22,27.5
3097,Sham,Vehicle,2020-01-29,27.5
3097,Sham,Vehicle,2020-02-05,27.4
3097,Sham,Vehicle,2020-02-12,28.9
3097,Sham,Vehicle,2020-02-19,29.3
3097,Sham,Vehicle,2020-02-26,29.1
3097,Sham,Vehicle,2020-03-04,29.7
3097,Sham,Vehicle,2020-03-20,30
3097,Sham,Vehicle,2020-04-24,30.3
3098,Sham,Vehicle,2019-04-03,24.7
3098,Sham,Vehicle,2019-05-01,26.5
3098,Sham,Vehicle,2019-05-07,26.9
3098,Sham,Vehicle,2019-05-28,27.8
3098,Sham,Vehicle,2019-06-05,26.2
3098,Sham,Vehicle,2019-06-12,27.2
3098,Sham,Vehicle,2019-06-19,27.6
3098,Sham,Vehicle,2019-06-26,27.6
3098,Sham,Vehicle,2019-07-03,28.4
3098,Sham,Vehicle,2019-07-10,27.9
3098,Sham,Vehicle,2019-07-17,28.7
3098,Sham,Vehicle,2019-07-24,29.4
3098,Sham,Vehicle,2019-07-31,29.7
3098,Sham,Vehicle,2019-08-07,29.9
3098,Sham,Vehicle,2019-08-14,30
3098,Sham,Vehicle,2019-08-21,30.2
3098,Sham,Vehicle,2019-08-28,29.4
3098,Sham,Vehicle,2019-09-04,29.3
3098,Sham,Vehicle,2019-09-11,29.8
3098,Sham,Vehicle,2019-09-18,29.5
3098,Sham,Vehicle,2019-09-25,29.9
3098,Sham,Vehicle,2019-10-02,31
3098,Sham,Vehicle,2019-10-09,30.8
3098,Sham,Vehicle,2019-10-15,31.2
3098,Sham,Vehicle,2019-10-22,31.2
3098,Sham,Vehicle,2019-10-30,31.5
3098,Sham,Vehicle,2019-11-05,31.9
3098,Sham,Vehicle,2019-11-13,31.4
3098,Sham,Vehicle,2019-11-20,34.6
3098,Sham,Vehicle,2019-11-27,36.3
3098,Sham,Vehicle,2019-12-14,34.2
3098,Sham,Vehicle,2019-12-11,34.7
3098,Sham,Vehicle,2019-12-20,34.4
3098,Sham,Vehicle,2019-12-26,37.1
3098,Sham,Vehicle,2020-01-02,35.3
3098,Sham,Vehicle,2020-01-08,35.2
3098,Sham,Vehicle,2020-01-15,33.6
3098,Sham,Vehicle,2020-01-22,33.5
3098,Sham,Vehicle,2020-01-29,33.2
3098,Sham,Vehicle,2020-02-05,34.1
3098,Sham,Vehicle,2020-02-12,37.2
3098,Sham,Vehicle,2020-02-19,37.5
3098,Sham,Vehicle,2020-02-26,38.4
3098,Sham,Vehicle,2020-03-04,39.9
3098,Sham,Vehicle,2020-03-20,40
3098,Sham,Vehicle,2020-04-24,44.9
3099,Sham,Vehicle,2019-04-03,23.5
3099,Sham,Vehicle,2019-05-01,26
3099,Sham,Vehicle,2019-05-07,26.9
3099,Sham,Vehicle,2019-05-28,27.4
3099,Sham,Vehicle,2019-06-05,25.6
3099,Sham,Vehicle,2019-06-12,27.5
3099,Sham,Vehicle,2019-06-19,27.5
3099,Sham,Vehicle,2019-06-26,28.2
3099,Sham,Vehicle,2019-07-03,28.3
3099,Sham,Vehicle,2019-07-10,27.4
3099,Sham,Vehicle,2019-07-17,27.8
3099,Sham,Vehicle,2019-07-24,28.6
3099,Sham,Vehicle,2019-07-31,28.1
3099,Sham,Vehicle,2019-08-07,28.8
3099,Sham,Vehicle,2019-08-14,28.7
3099,Sham,Vehicle,2019-08-21,27.2
3099,Sham,Vehicle,2019-08-28,27.7
3099,Sham,Vehicle,2019-09-04,28
3099,Sham,Vehicle,2019-09-11,27.8
3099,Sham,Vehicle,2019-09-18,27.7
3099,Sham,Vehicle,2019-09-25,28.4
3099,Sham,Vehicle,2019-10-02,28.2
3099,Sham,Vehicle,2019-10-09,28.6
3099,Sham,Vehicle,2019-10-15,29.4
3099,Sham,Vehicle,2019-10-22,30.1
3099,Sham,Vehicle,2019-10-30,28.4
3099,Sham,Vehicle,2019-11-05,28.9
3099,Sham,Vehicle,2019-11-13,27.4
3099,Sham,Vehicle,2019-11-20,30.4
3099,Sham,Vehicle,2019-11-27,31.3
3099,Sham,Vehicle,2019-12-14,29.8
3099,Sham,Vehicle,2019-12-11,30.6
3099,Sham,Vehicle,2019-12-20,31
3099,Sham,Vehicle,2019-12-26,32.6
3099,Sham,Vehicle,2020-01-02,31.3
3099,Sham,Vehicle,2020-01-08,31.6
3099,Sham,Vehicle,2020-01-15,29.7
3099,Sham,Vehicle,2020-01-22,29
3099,Sham,Vehicle,2020-01-29,28.8
3099,Sham,Vehicle,2020-02-05,29.3
3099,Sham,Vehicle,2020-02-12,32.3
3099,Sham,Vehicle,2020-02-19,33
3099,Sham,Vehicle,2020-02-26,32.9
3099,Sham,Vehicle,2020-03-04,33.4
3099,Sham,Vehicle,2020-03-20,35.3
3099,Sham,Vehicle,2020-04-24,37.7
3044,GCR,CDDO-EA,2019-04-03,21.7
3044,GCR,CDDO-EA,2019-05-01,23
3044,GCR,CDDO-EA,2019-05-07,22.3
3044,GCR,CDDO-EA,2019-05-28,22.4
3044,GCR,CDDO-EA,2019-06-05,22.2
3044,GCR,CDDO-EA,2019-06-12,23.4
3044,GCR,CDDO-EA,2019-06-19,23.5
3044,GCR,CDDO-EA,2019-06-26,23.8
3044,GCR,CDDO-EA,2019-07-03,25.3
3044,GCR,CDDO-EA,2019-07-10,25
3044,GCR,CDDO-EA,2019-07-17,25.1
3044,GCR,CDDO-EA,2019-07-24,25.2
3044,GCR,CDDO-EA,2019-07-31,25
3044,GCR,CDDO-EA,2019-08-07,24.2
3044,GCR,CDDO-EA,2019-08-14,25.4
3044,GCR,CDDO-EA,2019-08-21,26.1
3044,GCR,CDDO-EA,2019-08-28,27
3044,GCR,CDDO-EA,2019-09-04,26.6
3044,GCR,CDDO-EA,2019-09-11,26.3
3044,GCR,CDDO-EA,2019-09-18,26.1
3044,GCR,CDDO-EA,2019-09-25,26.5
3044,GCR,CDDO-EA,2019-10-02,26.8
3044,GCR,CDDO-EA,2019-10-09,25.9
3044,GCR,CDDO-EA,2019-10-15,25.8
3044,GCR,CDDO-EA,2019-10-22,25.9
3044,GCR,CDDO-EA,2019-10-30,26.1
3044,GCR,CDDO-EA,2019-11-05,25.9
3044,GCR,CDDO-EA,2019-11-13,25.9
3044,GCR,CDDO-EA,2019-11-20,26.3
3044,GCR,CDDO-EA,2019-11-27,26.2
3044,GCR,CDDO-EA,2019-12-14,25
3044,GCR,CDDO-EA,2019-12-11,26.7
3044,GCR,CDDO-EA,2019-12-20,28.1
3044,GCR,CDDO-EA,2019-12-26,28.1
3044,GCR,CDDO-EA,2020-01-02,27.4
3044,GCR,CDDO-EA,2020-01-08,29
3044,GCR,CDDO-EA,2020-01-15,27.6
3044,GCR,CDDO-EA,2020-01-22,25.9
3044,GCR,CDDO-EA,2020-01-29,26.2
3044,GCR,CDDO-EA,2020-02-05,26.4
3044,GCR,CDDO-EA,2020-02-12,28
3044,GCR,CDDO-EA,2020-02-19,27.5
3044,GCR,CDDO-EA,2020-02-26,27.8
3044,GCR,CDDO-EA,2020-03-04,28.1
3044,GCR,CDDO-EA,2020-03-20,27.7
3044,GCR,CDDO-EA,2020-04-24,29.8
3045,GCR,CDDO-EA,2019-04-03,23.4
3045,GCR,CDDO-EA,2019-05-01,25.3
3045,GCR,CDDO-EA,2019-05-07,26
3045,GCR,CDDO-EA,2019-05-28,28.1
3045,GCR,CDDO-EA,2019-06-05,25.1
3045,GCR,CDDO-EA,2019-06-12,25.7
3045,GCR,CDDO-EA,2019-06-19,26.9
3045,GCR,CDDO-EA,2019-06-26,26
3045,GCR,CDDO-EA,2019-07-03,27.5
3045,GCR,CDDO-EA,2019-07-10,27.8
3045,GCR,CDDO-EA,2019-07-17,28.5
3045,GCR,CDDO-EA,2019-07-24,29
3045,GCR,CDDO-EA,2019-07-31,29
3045,GCR,CDDO-EA,2019-08-07,27.9
3045,GCR,CDDO-EA,2019-08-14,28.1
3045,GCR,CDDO-EA,2019-08-21,28.3
3045,GCR,CDDO-EA,2019-08-28,28.6
3045,GCR,CDDO-EA,2019-09-04,28.1
3045,GCR,CDDO-EA,2019-09-11,28
3045,GCR,CDDO-EA,2019-09-18,27.8
3045,GCR,CDDO-EA,2019-09-25,28.9
3045,GCR,CDDO-EA,2019-10-02,28.6
3045,GCR,CDDO-EA,2019-10-09,28.2
3045,GCR,CDDO-EA,2019-10-15,28.4
3045,GCR,CDDO-EA,2019-10-22,30.6
3045,GCR,CDDO-EA,2019-10-30,29.9
3045,GCR,CDDO-EA,2019-11-05,30.3
3045,GCR,CDDO-EA,2019-11-13,29.6
3045,GCR,CDDO-EA,2019-11-20,32.3
3045,GCR,CDDO-EA,2019-11-27,34
3045,GCR,CDDO-EA,2019-12-14,33.6
3045,GCR,CDDO-EA,2019-12-11,33.4
3045,GCR,CDDO-EA,2019-12-20,33.4
3045,GCR,CDDO-EA,2019-12-26,34.3
3045,GCR,CDDO-EA,2020-01-02,33.5
3045,GCR,CDDO-EA,2020-01-08,34
3045,GCR,CDDO-EA,2020-01-15,32.4
3045,GCR,CDDO-EA,2020-01-22,32.4
3045,GCR,CDDO-EA,2020-01-29,32.6
3045,GCR,CDDO-EA,2020-02-05,31.6
3045,GCR,CDDO-EA,2020-02-12,35
3045,GCR,CDDO-EA,2020-02-19,36.3
3045,GCR,CDDO-EA,2020-02-26,37.7
3045,GCR,CDDO-EA,2020-03-04,39.6
3045,GCR,CDDO-EA,2020-03-20,41
3045,GCR,CDDO-EA,2020-04-24,47.5
3046,GCR,CDDO-EA,2019-04-03,27.4
3046,GCR,CDDO-EA,2019-05-01,30.5
3046,GCR,CDDO-EA,2019-05-07,29.8
3046,GCR,CDDO-EA,2019-05-28,31.7
3046,GCR,CDDO-EA,2019-06-05,29.2
3046,GCR,CDDO-EA,2019-06-12,30.2
3046,GCR,CDDO-EA,2019-06-19,32.3
3046,GCR,CDDO-EA,2019-06-26,31.4
3046,GCR,CDDO-EA,2019-07-03,31.8
3046,GCR,CDDO-EA,2019-07-10,30.8
3046,GCR,CDDO-EA,2019-07-17,31.4
3046,GCR,CDDO-EA,2019-07-24,31.7
3046,GCR,CDDO-EA,2019-07-31,31.9
3046,GCR,CDDO-EA,2019-08-07,30.9
3046,GCR,CDDO-EA,2019-08-14,31.3
3046,GCR,CDDO-EA,2019-08-21,31
3046,GCR,CDDO-EA,2019-08-28,31.4
3046,GCR,CDDO-EA,2019-09-04,31.4
3046,GCR,CDDO-EA,2019-09-11,31.9
3046,GCR,CDDO-EA,2019-09-18,31.1
3046,GCR,CDDO-EA,2019-09-25,31.3
3046,GCR,CDDO-EA,2019-10-02,31.5
3046,GCR,CDDO-EA,2019-10-09,30.9
3046,GCR,CDDO-EA,2019-10-15,30.8
3046,GCR,CDDO-EA,2019-10-22,32.5
3046,GCR,CDDO-EA,2019-10-30,31.2
3046,GCR,CDDO-EA,2019-11-05,31.6
3046,GCR,CDDO-EA,2019-11-13,31.1
3046,GCR,CDDO-EA,2019-11-20,33.8
3046,GCR,CDDO-EA,2019-11-27,35.3
3046,GCR,CDDO-EA,2019-12-14,34.1
3046,GCR,CDDO-EA,2019-12-11,34.3
3046,GCR,CDDO-EA,2019-12-20,33.3
3046,GCR,CDDO-EA,2019-12-26,35.4
3046,GCR,CDDO-EA,2020-01-02,33.4
3046,GCR,CDDO-EA,2020-01-08,35.2
3046,GCR,CDDO-EA,2020-01-15,34
3046,GCR,CDDO-EA,2020-01-22,33.1
3046,GCR,CDDO-EA,2020-01-29,33.7
3046,GCR,CDDO-EA,2020-02-05,33.1
3046,GCR,CDDO-EA,2020-02-12,36.1
3046,GCR,CDDO-EA,2020-02-19,37
3046,GCR,CDDO-EA,2020-02-26,38.5
3046,GCR,CDDO-EA,2020-03-04,40.3
3046,GCR,CDDO-EA,2020-03-20,40
3046,GCR,CDDO-EA,2020-04-24,46.8
3047,GCR,CDDO-EA,2019-04-03,20.5
3047,GCR,CDDO-EA,2019-05-01,22.1
3047,GCR,CDDO-EA,2019-05-07,22.6
3047,GCR,CDDO-EA,2019-05-28,22.6
3047,GCR,CDDO-EA,2019-06-05,22.8
3047,GCR,CDDO-EA,2019-06-12,23.3
3047,GCR,CDDO-EA,2019-06-19,23.9
3047,GCR,CDDO-EA,2019-06-26,23.3
3047,GCR,CDDO-EA,2019-07-03,24.6
3047,GCR,CDDO-EA,2019-07-10,23.7
3047,GCR,CDDO-EA,2019-07-17,24.5
3047,GCR,CDDO-EA,2019-07-24,24
3047,GCR,CDDO-EA,2019-07-31,24.1
3047,GCR,CDDO-EA,2019-08-07,23.8
3047,GCR,CDDO-EA,2019-08-14,24.3
3047,GCR,CDDO-EA,2019-08-21,24.4
3047,GCR,CDDO-EA,2019-08-28,24.4
3047,GCR,CDDO-EA,2019-09-04,24.5
3047,GCR,CDDO-EA,2019-09-11,24.5
3047,GCR,CDDO-EA,2019-09-18,24.9
3047,GCR,CDDO-EA,2019-09-25,24.9
3047,GCR,CDDO-EA,2019-10-02,24.7
3047,GCR,CDDO-EA,2019-10-09,24.2
3047,GCR,CDDO-EA,2019-10-15,25.1
3047,GCR,CDDO-EA,2019-10-22,25.7
3047,GCR,CDDO-EA,2019-10-30,25.3
3047,GCR,CDDO-EA,2019-11-05,26
3047,GCR,CDDO-EA,2019-11-13,25.5
3047,GCR,CDDO-EA,2019-11-20,26.1
3047,GCR,CDDO-EA,2019-11-27,27.1
3047,GCR,CDDO-EA,2019-12-14,26
3047,GCR,CDDO-EA,2019-12-11,25.9
3047,GCR,CDDO-EA,2019-12-20,26.7
3047,GCR,CDDO-EA,2019-12-26,27.9
3047,GCR,CDDO-EA,2020-01-02,27
3047,GCR,CDDO-EA,2020-01-08,27.8
3047,GCR,CDDO-EA,2020-01-15,26.8
3047,GCR,CDDO-EA,2020-01-22,26
3047,GCR,CDDO-EA,2020-01-29,26.1
3047,GCR,CDDO-EA,2020-02-05,25.7
3047,GCR,CDDO-EA,2020-02-12,28.3
3047,GCR,CDDO-EA,2020-02-19,27.8
3047,GCR,CDDO-EA,2020-02-26,28.6
3047,GCR,CDDO-EA,2020-03-04,29.4
3047,GCR,CDDO-EA,2020-03-20,30
3047,GCR,CDDO-EA,2020-04-24,33.3
3048,GCR,CDDO-EA,2019-04-03,36.1
3048,GCR,CDDO-EA,2019-05-01,38.3
3048,GCR,CDDO-EA,2019-05-07,39
3048,GCR,CDDO-EA,2019-05-28,44.9
3048,GCR,CDDO-EA,2019-06-05,38.2
3048,GCR,CDDO-EA,2019-06-12,37
3048,GCR,CDDO-EA,2019-06-19,36.5
3048,GCR,CDDO-EA,2019-06-26,37.6
3048,GCR,CDDO-EA,2019-07-03,37.1
3048,GCR,CDDO-EA,2019-07-10,36.6
3048,GCR,CDDO-EA,2019-07-17,36.8
3048,GCR,CDDO-EA,2019-07-24,36.4
3048,GCR,CDDO-EA,2019-07-31,36.6
3048,GCR,CDDO-EA,2019-08-07,35.4
3048,GCR,CDDO-EA,2019-08-14,34.8
3048,GCR,CDDO-EA,2019-08-21,35.9
3048,GCR,CDDO-EA,2019-08-28,34.8
3048,GCR,CDDO-EA,2019-09-04,34.7
3048,GCR,CDDO-EA,2019-09-11,34.2
3048,GCR,CDDO-EA,2019-09-18,34.4
3048,GCR,CDDO-EA,2019-09-25,34.3
3048,GCR,CDDO-EA,2019-10-02,34.6
3048,GCR,CDDO-EA,2019-10-09,34.8
3048,GCR,CDDO-EA,2019-10-15,35.2
3048,GCR,CDDO-EA,2019-10-22,37
3048,GCR,CDDO-EA,2019-10-30,35.9
3048,GCR,CDDO-EA,2019-11-05,36.5
3048,GCR,CDDO-EA,2019-11-13,36.8
3048,GCR,CDDO-EA,2019-11-20,39.7
3048,GCR,CDDO-EA,2019-11-27,42.6
3048,GCR,CDDO-EA,2019-12-14,41.6
3048,GCR,CDDO-EA,2019-12-11,40.7
3048,GCR,CDDO-EA,2019-12-20,39.9
3048,GCR,CDDO-EA,2019-12-26,42.5
3048,GCR,CDDO-EA,2020-01-02,40.9
3048,GCR,CDDO-EA,2020-01-08,41.7
3048,GCR,CDDO-EA,2020-01-15,39.2
3048,GCR,CDDO-EA,2020-01-22,39.5
3048,GCR,CDDO-EA,2020-01-29,39.1
3048,GCR,CDDO-EA,2020-02-05,38.8
3048,GCR,CDDO-EA,2020-02-12,44.4
3048,GCR,CDDO-EA,2020-02-19,45.7
3048,GCR,CDDO-EA,2020-02-26,48.1
3048,GCR,CDDO-EA,2020-03-04,50.5
3048,GCR,CDDO-EA,2020-03-20,50.8
3048,GCR,CDDO-EA,2020-04-24,56.6
3049,GCR,CDDO-EA,2019-04-03,22.6
3049,GCR,CDDO-EA,2019-05-01,23.8
3049,GCR,CDDO-EA,2019-05-07,24.2
3049,GCR,CDDO-EA,2019-05-28,29.5
3049,GCR,CDDO-EA,2019-06-05,24.5
3049,GCR,CDDO-EA,2019-06-12,24.4
3049,GCR,CDDO-EA,2019-06-19,24.7
3049,GCR,CDDO-EA,2019-06-26,25.4
3049,GCR,CDDO-EA,2019-07-03,25
3049,GCR,CDDO-EA,2019-07-10,25.6
3049,GCR,CDDO-EA,2019-07-17,25.3
3049,GCR,CDDO-EA,2019-07-24,25.4
3049,GCR,CDDO-EA,2019-07-31,25.9
3049,GCR,CDDO-EA,2019-08-07,24.8
3049,GCR,CDDO-EA,2019-08-14,25.5
3049,GCR,CDDO-EA,2019-08-21,25.3
3049,GCR,CDDO-EA,2019-08-28,25.9
3049,GCR,CDDO-EA,2019-09-04,25.9
3049,GCR,CDDO-EA,2019-09-11,25.4
3049,GCR,CDDO-EA,2019-09-18,25.4
3049,GCR,CDDO-EA,2019-09-25,25.7
3049,GCR,CDDO-EA,2019-10-02,25.7
3049,GCR,CDDO-EA,2019-10-09,25.4
3049,GCR,CDDO-EA,2019-10-15,25.7
3049,GCR,CDDO-EA,2019-10-22,25.6
3049,GCR,CDDO-EA,2019-10-30,25
3049,GCR,CDDO-EA,2019-11-05,25.4
3049,GCR,CDDO-EA,2019-11-13,25.7
3049,GCR,CDDO-EA,2019-11-20,27.8
3049,GCR,CDDO-EA,2019-11-27,28.5
3049,GCR,CDDO-EA,2019-12-14,27.6
3049,GCR,CDDO-EA,2019-12-11,27.6
3049,GCR,CDDO-EA,2019-12-20,28.5
3049,GCR,CDDO-EA,2019-12-26,30.2
3049,GCR,CDDO-EA,2020-01-02,28.7
3049,GCR,CDDO-EA,2020-01-08,29.6
3049,GCR,CDDO-EA,2020-01-15,27.8
3049,GCR,CDDO-EA,2020-01-22,27.5
3049,GCR,CDDO-EA,2020-01-29,27.2
3049,GCR,CDDO-EA,2020-02-05,27.8
3049,GCR,CDDO-EA,2020-02-12,30.3
3049,GCR,CDDO-EA,2020-02-19,31.3
3049,GCR,CDDO-EA,2020-02-26,32.3
3049,GCR,CDDO-EA,2020-03-04,33.6
3049,GCR,CDDO-EA,2020-03-20,32.7
3049,GCR,CDDO-EA,2020-04-24,38.7
3050,GCR,CDDO-EA,2019-04-03,20.5
3050,GCR,CDDO-EA,2019-05-01,23.1
3050,GCR,CDDO-EA,2019-05-07,22.7
3050,GCR,CDDO-EA,2019-05-28,23.6
3050,GCR,CDDO-EA,2019-06-05,21.6
3050,GCR,CDDO-EA,2019-06-12,23.2
3050,GCR,CDDO-EA,2019-06-19,23.6
3050,GCR,CDDO-EA,2019-06-26,23.4
3050,GCR,CDDO-EA,2019-07-03,24.2
3050,GCR,CDDO-EA,2019-07-10,24.7
3050,GCR,CDDO-EA,2019-07-17,25.1
3050,GCR,CDDO-EA,2019-07-24,25.1
3050,GCR,CDDO-EA,2019-07-31,25.3
3050,GCR,CDDO-EA,2019-08-07,24.6
3050,GCR,CDDO-EA,2019-08-14,24.9
3050,GCR,CDDO-EA,2019-08-21,25.3
3050,GCR,CDDO-EA,2019-08-28,25.8
3050,GCR,CDDO-EA,2019-09-04,25.7
3050,GCR,CDDO-EA,2019-09-11,25.3
3050,GCR,CDDO-EA,2019-09-18,26
3050,GCR,CDDO-EA,2019-09-25,25.9
3050,GCR,CDDO-EA,2019-10-02,26.2
3050,GCR,CDDO-EA,2019-10-09,26
3050,GCR,CDDO-EA,2019-10-15,26.1
3050,GCR,CDDO-EA,2019-10-22,27.5
3050,GCR,CDDO-EA,2019-10-30,26.3
3050,GCR,CDDO-EA,2019-11-05,26.9
3050,GCR,CDDO-EA,2019-11-13,27.1
3050,GCR,CDDO-EA,2019-11-20,29.1
3050,GCR,CDDO-EA,2019-11-27,30.5
3050,GCR,CDDO-EA,2019-12-14,29.5
3050,GCR,CDDO-EA,2019-12-11,28.4
3050,GCR,CDDO-EA,2019-12-20,29.8
3050,GCR,CDDO-EA,2019-12-26,31.7
3050,GCR,CDDO-EA,2020-01-02,30.5
3050,GCR,CDDO-EA,2020-01-08,31.3
3050,GCR,CDDO-EA,2020-01-15,29.5
3050,GCR,CDDO-EA,2020-01-22,29.1
3050,GCR,CDDO-EA,2020-01-29,29.1
3050,GCR,CDDO-EA,2020-02-05,28.6
3050,GCR,CDDO-EA,2020-02-12,29.9
3050,GCR,CDDO-EA,2020-02-19,27.4
3050,GCR,CDDO-EA,2020-02-26,26.5
3050,GCR,CDDO-EA,2020-03-04,28.6
3050,GCR,CDDO-EA,2020-03-20,32
3050,GCR,CDDO-EA,2020-04-24,35.5
3051,GCR,CDDO-EA,2019-04-03,25.7
3051,GCR,CDDO-EA,2019-05-01,28.2
3051,GCR,CDDO-EA,2019-05-07,28.7
3051,GCR,CDDO-EA,2019-05-28,33.7
3051,GCR,CDDO-EA,2019-06-05,29.7
3051,GCR,CDDO-EA,2019-06-12,31.7
3051,GCR,CDDO-EA,2019-06-19,31.8
3051,GCR,CDDO-EA,2019-06-26,32.2
3051,GCR,CDDO-EA,2019-07-03,32.4
3051,GCR,CDDO-EA,2019-07-10,33.6
3051,GCR,CDDO-EA,2019-07-17,33.4
3051,GCR,CDDO-EA,2019-07-24,33.7
3051,GCR,CDDO-EA,2019-07-31,33.9
3051,GCR,CDDO-EA,2019-08-07,33.5
3051,GCR,CDDO-EA,2019-08-14,33.9
3051,GCR,CDDO-EA,2019-08-21,34.6
3051,GCR,CDDO-EA,2019-08-28,34
3051,GCR,CDDO-EA,2019-09-04,34.8
3051,GCR,CDDO-EA,2019-09-11,34.6
3051,GCR,CDDO-EA,2019-09-18,35.9
3051,GCR,CDDO-EA,2019-09-25,35.6
3051,GCR,CDDO-EA,2019-10-02,35.4
3051,GCR,CDDO-EA,2019-10-09,35
3051,GCR,CDDO-EA,2019-10-15,35.1
3051,GCR,CDDO-EA,2019-10-22,36.6
3051,GCR,CDDO-EA,2019-10-30,35.7
3051,GCR,CDDO-EA,2019-11-05,36.2
3051,GCR,CDDO-EA,2019-11-13,36.3
3051,GCR,CDDO-EA,2019-11-20,38.8
3051,GCR,CDDO-EA,2019-11-27,38.7
3051,GCR,CDDO-EA,2019-12-14,37.2
3051,GCR,CDDO-EA,2019-12-11,37.9
3051,GCR,CDDO-EA,2019-12-20,37.9
3051,GCR,CDDO-EA,2019-12-26,40.1
3051,GCR,CDDO-EA,2020-01-02,38.3
3051,GCR,CDDO-EA,2020-01-08,39.7
3051,GCR,CDDO-EA,2020-01-15,37.5
3051,GCR,CDDO-EA,2020-01-22,37.9
3051,GCR,CDDO-EA,2020-01-29,38.7
3051,GCR,CDDO-EA,2020-02-05,38.1
3051,GCR,CDDO-EA,2020-02-12,41.1
3051,GCR,CDDO-EA,2020-02-19,42.7
3051,GCR,CDDO-EA,2020-02-26,43
3051,GCR,CDDO-EA,2020-03-04,44
3051,GCR,CDDO-EA,2020-03-20,43.9
3051,GCR,CDDO-EA,2020-04-24,50.3
3052,GCR,CDDO-EA,2019-04-03,26.7
3052,GCR,CDDO-EA,2019-05-01,31.2
3052,GCR,CDDO-EA,2019-05-07,31.8
3052,GCR,CDDO-EA,2019-05-28,33.5
3052,GCR,CDDO-EA,2019-06-05,29
3052,GCR,CDDO-EA,2019-06-12,30.2
3052,GCR,CDDO-EA,2019-06-19,30.4
3052,GCR,CDDO-EA,2019-06-26,30.6
3052,GCR,CDDO-EA,2019-07-03,31
3052,GCR,CDDO-EA,2019-07-10,30.4
3052,GCR,CDDO-EA,2019-07-17,29.9
3052,GCR,CDDO-EA,2019-07-24,30.6
3052,GCR,CDDO-EA,2019-07-31,30.8
3052,GCR,CDDO-EA,2019-08-07,30.5
3052,GCR,CDDO-EA,2019-08-14,29.5
3052,GCR,CDDO-EA,2019-08-21,30.3
3052,GCR,CDDO-EA,2019-08-28,30.4
3052,GCR,CDDO-EA,2019-09-04,30.7
3052,GCR,CDDO-EA,2019-09-11,30
3052,GCR,CDDO-EA,2019-09-18,30.4
3052,GCR,CDDO-EA,2019-09-25,30.7
3052,GCR,CDDO-EA,2019-10-02,30.5
3052,GCR,CDDO-EA,2019-10-09,30.4
3052,GCR,CDDO-EA,2019-10-15,30.2
3052,GCR,CDDO-EA,2019-10-22,31.2
3052,GCR,CDDO-EA,2019-10-30,30.4
3052,GCR,CDDO-EA,2019-11-05,30.9
3052,GCR,CDDO-EA,2019-11-13,31
3052,GCR,CDDO-EA,2019-11-20,33.4
3052,GCR,CDDO-EA,2019-11-27,34.9
3052,GCR,CDDO-EA,2019-12-14,33.2
3052,GCR,CDDO-EA,2019-12-11,33.7
3052,GCR,CDDO-EA,2019-12-20,32.9
3052,GCR,CDDO-EA,2019-12-26,34.5
3052,GCR,CDDO-EA,2020-01-02,33.3
3052,GCR,CDDO-EA,2020-01-08,33.6
3052,GCR,CDDO-EA,2020-01-15,31.9
3052,GCR,CDDO-EA,2020-01-22,32.3
3052,GCR,CDDO-EA,2020-01-29,32.2
3052,GCR,CDDO-EA,2020-02-05,32.4
3052,GCR,CDDO-EA,2020-02-12,36.1
3052,GCR,CDDO-EA,2020-02-19,36.7
3052,GCR,CDDO-EA,2020-02-26,36.7
3052,GCR,CDDO-EA,2020-03-04,37.2
3052,GCR,CDDO-EA,2020-03-20,37.9
3052,GCR,CDDO-EA,2020-04-24,43.7
3053,GCR,CDDO-EA,2019-04-03,25
3053,GCR,CDDO-EA,2019-05-01,27.6
3053,GCR,CDDO-EA,2019-05-07,26.6
3053,GCR,CDDO-EA,2019-05-28,29.3
3053,GCR,CDDO-EA,2019-06-05,26.3
3053,GCR,CDDO-EA,2019-06-12,27.4
3053,GCR,CDDO-EA,2019-06-19,27.9
3053,GCR,CDDO-EA,2019-06-26,27.9
3053,GCR,CDDO-EA,2019-07-03,28.3
3053,GCR,CDDO-EA,2019-07-10,28.1
3053,GCR,CDDO-EA,2019-07-17,28
3053,GCR,CDDO-EA,2019-07-24,28.2
3053,GCR,CDDO-EA,2019-07-31,28.4
3053,GCR,CDDO-EA,2019-08-07,28.4
3053,GCR,CDDO-EA,2019-08-14,27.1
3053,GCR,CDDO-EA,2019-08-21,27.8
3053,GCR,CDDO-EA,2019-08-28,28.2
3053,GCR,CDDO-EA,2019-09-04,28.3
3053,GCR,CDDO-EA,2019-09-11,28.2
3053,GCR,CDDO-EA,2019-09-18,28.7
3053,GCR,CDDO-EA,2019-09-25,28.4
3053,GCR,CDDO-EA,2019-10-02,28.1
3053,GCR,CDDO-EA,2019-10-09,28
3053,GCR,CDDO-EA,2019-10-15,28.4
3053,GCR,CDDO-EA,2019-10-22,29.7
3053,GCR,CDDO-EA,2019-10-30,28.8
3053,GCR,CDDO-EA,2019-11-05,28.4
3053,GCR,CDDO-EA,2019-11-13,28.4
3053,GCR,CDDO-EA,2019-11-20,31.2
3053,GCR,CDDO-EA,2019-11-27,32.4
3053,GCR,CDDO-EA,2019-12-14,31.4
3053,GCR,CDDO-EA,2019-12-11,31.4
3053,GCR,CDDO-EA,2019-12-20,30.7
3053,GCR,CDDO-EA,2019-12-26,31.8
3053,GCR,CDDO-EA,2020-01-02,28.3
3053,GCR,CDDO-EA,2020-01-08,29.5
3053,GCR,CDDO-EA,2020-01-15,27.5
3053,GCR,CDDO-EA,2020-01-22,27.9
3053,GCR,CDDO-EA,2020-01-29,27.5
3053,GCR,CDDO-EA,2020-02-05,28.5
3053,GCR,CDDO-EA,2020-02-12,29.1
3053,GCR,CDDO-EA,2020-02-19,27.9
3053,GCR,CDDO-EA,2020-02-26,26.5
3053,GCR,CDDO-EA,2020-03-04,25.7
3053,GCR,CDDO-EA,2020-03-20,25.5
3054,GCR,CDDO-EA,2019-04-03,26.2
3054,GCR,CDDO-EA,2019-05-01,27.1
3054,GCR,CDDO-EA,2019-05-07,27.3
3054,GCR,CDDO-EA,2019-05-28,32.3
3054,GCR,CDDO-EA,2019-06-05,28.8
3054,GCR,CDDO-EA,2019-06-12,29.5
3054,GCR,CDDO-EA,2019-06-19,29.6
3054,GCR,CDDO-EA,2019-06-26,29.5
3054,GCR,CDDO-EA,2019-07-03,29.5
3054,GCR,CDDO-EA,2019-07-10,29.6
3054,GCR,CDDO-EA,2019-07-17,30.1
3054,GCR,CDDO-EA,2019-07-24,30.4
3054,GCR,CDDO-EA,2019-07-31,29.9
3054,GCR,CDDO-EA,2019-08-07,29.5
3054,GCR,CDDO-EA,2019-08-14,29.1
3054,GCR,CDDO-EA,2019-08-21,29.8
3054,GCR,CDDO-EA,2019-08-28,29.6
3054,GCR,CDDO-EA,2019-09-04,30.1
3054,GCR,CDDO-EA,2019-09-11,29.5
3054,GCR,CDDO-EA,2019-09-18,29.5
3054,GCR,CDDO-EA,2019-09-25,29
3054,GCR,CDDO-EA,2019-10-02,28.9
3054,GCR,CDDO-EA,2019-10-09,29.3
3054,GCR,CDDO-EA,2019-10-15,29.7
3054,GCR,CDDO-EA,2019-10-22,30.9
3054,GCR,CDDO-EA,2019-10-30,29.8
3054,GCR,CDDO-EA,2019-11-05,30.1
3054,GCR,CDDO-EA,2019-11-13,30.1
3054,GCR,CDDO-EA,2019-11-20,33.1
3054,GCR,CDDO-EA,2019-11-27,33.4
3054,GCR,CDDO-EA,2019-12-14,33
3054,GCR,CDDO-EA,2019-12-11,33.2
3054,GCR,CDDO-EA,2019-12-20,32.3
3054,GCR,CDDO-EA,2019-12-26,34
3054,GCR,CDDO-EA,2020-01-02,33
3054,GCR,CDDO-EA,2020-01-08,32.6
3054,GCR,CDDO-EA,2020-01-15,30.8
3054,GCR,CDDO-EA,2020-01-22,30.9
3054,GCR,CDDO-EA,2020-01-29,31.5
3054,GCR,CDDO-EA,2020-02-05,31.7
3054,GCR,CDDO-EA,2020-02-12,35.1
3054,GCR,CDDO-EA,2020-02-19,37.5
3054,GCR,CDDO-EA,2020-02-26,38.2
3054,GCR,CDDO-EA,2020-03-04,38.9
3054,GCR,CDDO-EA,2020-03-20,39.3
3054,GCR,CDDO-EA,2020-04-24,38.9
3055,GCR,CDDO-EA,2019-04-03,21.5
3055,GCR,CDDO-EA,2019-05-01,23.6
3055,GCR,CDDO-EA,2019-05-07,23.7
3055,GCR,CDDO-EA,2019-05-28,25.7
3055,GCR,CDDO-EA,2019-06-05,23.6
3055,GCR,CDDO-EA,2019-06-12,27.2
3055,GCR,CDDO-EA,2019-06-19,25
3055,GCR,CDDO-EA,2019-06-26,25.1
3055,GCR,CDDO-EA,2019-07-03,24.1
3055,GCR,CDDO-EA,2019-07-10,24.7
3055,GCR,CDDO-EA,2019-07-17,25
3055,GCR,CDDO-EA,2019-07-24,25.6
3055,GCR,CDDO-EA,2019-07-31,25.5
3055,GCR,CDDO-EA,2019-08-07,25.5
3055,GCR,CDDO-EA,2019-08-14,26.3
3055,GCR,CDDO-EA,2019-08-21,25.7
3055,GCR,CDDO-EA,2019-08-28,25.8
3055,GCR,CDDO-EA,2019-09-04,26.3
3055,GCR,CDDO-EA,2019-09-11,26.5
3055,GCR,CDDO-EA,2019-09-18,26.7
3055,GCR,CDDO-EA,2019-09-25,27.4
3055,GCR,CDDO-EA,2019-10-02,27.6
3055,GCR,CDDO-EA,2019-10-09,27.7
3055,GCR,CDDO-EA,2019-10-15,28.1
3055,GCR,CDDO-EA,2019-10-22,30.1
3055,GCR,CDDO-EA,2019-10-30,29.8
3055,GCR,CDDO-EA,2019-11-05,30.2
3055,GCR,CDDO-EA,2019-11-13,29.8
3055,GCR,CDDO-EA,2019-11-20,32
3055,GCR,CDDO-EA,2019-11-27,33.5
3055,GCR,CDDO-EA,2019-12-14,32.5
3055,GCR,CDDO-EA,2019-12-11,32.6
3055,GCR,CDDO-EA,2019-12-20,32.1
3055,GCR,CDDO-EA,2019-12-26,34.2
3055,GCR,CDDO-EA,2020-01-02,33
3055,GCR,CDDO-EA,2020-01-08,32.6
3055,GCR,CDDO-EA,2020-01-15,31.6
3055,GCR,CDDO-EA,2020-01-22,31.8
3055,GCR,CDDO-EA,2020-01-29,31
3055,GCR,CDDO-EA,2020-02-05,30.4
3055,GCR,CDDO-EA,2020-02-12,34.5
3055,GCR,CDDO-EA,2020-02-19,35.2
3055,GCR,CDDO-EA,2020-02-26,36.4
3055,GCR,CDDO-EA,2020-03-04,38.2
3055,GCR,CDDO-EA,2020-03-20,36.8
3055,GCR,CDDO-EA,2020-04-24,41.5
3056,GCR,CDDO-EA,2019-04-03,25
3056,GCR,CDDO-EA,2019-05-01,30
3056,GCR,CDDO-EA,2019-05-07,30.1
3056,GCR,CDDO-EA,2019-05-28,31.1
3056,GCR,CDDO-EA,2019-06-05,27.1
3056,GCR,CDDO-EA,2019-06-12,24.8
3056,GCR,CDDO-EA,2019-06-19,28.9
3056,GCR,CDDO-EA,2019-06-26,30.8
3056,GCR,CDDO-EA,2019-07-03,29.3
3056,GCR,CDDO-EA,2019-07-10,29.1
3056,GCR,CDDO-EA,2019-07-17,30.1
3056,GCR,CDDO-EA,2019-07-24,31.2
3056,GCR,CDDO-EA,2019-07-31,31.2
3056,GCR,CDDO-EA,2019-08-07,31.1
3056,GCR,CDDO-EA,2019-08-14,32
3056,GCR,CDDO-EA,2019-08-21,31.1
3056,GCR,CDDO-EA,2019-08-28,30.9
3056,GCR,CDDO-EA,2019-09-04,30.7
3056,GCR,CDDO-EA,2019-09-11,31
3056,GCR,CDDO-EA,2019-09-18,31.5
3056,GCR,CDDO-EA,2019-09-25,32
3056,GCR,CDDO-EA,2019-10-02,32
3056,GCR,CDDO-EA,2019-10-09,32.1
3056,GCR,CDDO-EA,2019-10-15,31.8
3056,GCR,CDDO-EA,2019-10-22,33.9
3056,GCR,CDDO-EA,2019-10-30,33.5
3056,GCR,CDDO-EA,2019-11-05,34.3
3056,GCR,CDDO-EA,2019-11-13,33.5
3056,GCR,CDDO-EA,2019-11-20,35.5
3056,GCR,CDDO-EA,2019-11-27,36.6
3056,GCR,CDDO-EA,2019-12-14,34.3
3056,GCR,CDDO-EA,2019-12-11,34.7
3056,GCR,CDDO-EA,2019-12-20,33.7
3056,GCR,CDDO-EA,2019-12-26,35.4
3056,GCR,CDDO-EA,2020-01-02,32.6
3056,GCR,CDDO-EA,2020-01-08,33.7
3056,GCR,CDDO-EA,2020-01-15,28.9
3056,GCR,CDDO-EA,2020-01-22,28.8
3056,GCR,CDDO-EA,2020-01-29,29.2
3056,GCR,CDDO-EA,2020-02-05,31.1
3056,GCR,CDDO-EA,2020-02-12,36
3056,GCR,CDDO-EA,2020-02-19,36
3056,GCR,CDDO-EA,2020-02-26,37.6
3056,GCR,CDDO-EA,2020-03-04,37.9
3056,GCR,CDDO-EA,2020-03-20,38.4
3056,GCR,CDDO-EA,2020-04-24,42.6
3057,GCR,CDDO-EA,2019-04-03,19.5
3057,GCR,CDDO-EA,2019-05-01,19.8
3057,GCR,CDDO-EA,2019-05-07,20.2
3057,GCR,CDDO-EA,2019-05-28,20.8
3057,GCR,CDDO-EA,2019-06-05,20.4
3057,GCR,CDDO-EA,2019-06-12,30.5
3057,GCR,CDDO-EA,2019-06-19,22.7
3057,GCR,CDDO-EA,2019-06-26,22
3057,GCR,CDDO-EA,2019-07-03,20.7
3057,GCR,CDDO-EA,2019-07-10,20.8
3057,GCR,CDDO-EA,2019-07-17,21.3
3057,GCR,CDDO-EA,2019-07-24,21.6
3057,GCR,CDDO-EA,2019-07-31,21.7
3057,GCR,CDDO-EA,2019-08-07,21.7
3057,GCR,CDDO-EA,2019-08-14,22.3
3057,GCR,CDDO-EA,2019-08-21,22
3057,GCR,CDDO-EA,2019-08-28,21.8
3057,GCR,CDDO-EA,2019-09-04,22.2
3057,GCR,CDDO-EA,2019-09-11,22.1
3057,GCR,CDDO-EA,2019-09-18,22.1
3057,GCR,CDDO-EA,2019-09-25,22.4
3057,GCR,CDDO-EA,2019-10-02,22.2
3057,GCR,CDDO-EA,2019-10-09,21.9
3057,GCR,CDDO-EA,2019-10-15,22.6
3057,GCR,CDDO-EA,2019-10-22,23.3
3057,GCR,CDDO-EA,2019-10-30,23.2
3057,GCR,CDDO-EA,2019-11-05,23.7
3057,GCR,CDDO-EA,2019-11-13,23.6
3057,GCR,CDDO-EA,2019-11-20,24.3
3057,GCR,CDDO-EA,2019-11-27,24.3
3057,GCR,CDDO-EA,2019-12-14,22.1
3057,GCR,CDDO-EA,2019-12-11,23.7
3057,GCR,CDDO-EA,2019-12-20,24.1
3057,GCR,CDDO-EA,2019-12-26,25
3057,GCR,CDDO-EA,2020-01-02,23.6
3057,GCR,CDDO-EA,2020-01-08,25.8
3057,GCR,CDDO-EA,2020-01-15,23.6
3057,GCR,CDDO-EA,2020-01-22,24
3057,GCR,CDDO-EA,2020-01-29,23
3057,GCR,CDDO-EA,2020-02-05,23.4
3057,GCR,CDDO-EA,2020-02-12,24.4
3057,GCR,CDDO-EA,2020-02-19,23.5
3057,GCR,CDDO-EA,2020-02-26,23.5
3057,GCR,CDDO-EA,2020-03-04,24.3
3057,GCR,CDDO-EA,2020-03-20,24.4
3057,GCR,CDDO-EA,2020-04-24,25.9
3058,GCR,CDDO-EA,2019-04-03,20.3
3058,GCR,CDDO-EA,2019-05-01,21.9
3058,GCR,CDDO-EA,2019-05-07,22
3058,GCR,CDDO-EA,2019-05-28,21.8
3058,GCR,CDDO-EA,2019-06-05,20.8
3058,GCR,CDDO-EA,2019-06-12,28.3
3058,GCR,CDDO-EA,2019-06-19,24.8
3058,GCR,CDDO-EA,2019-06-26,23.2
3058,GCR,CDDO-EA,2019-07-03,22.1
3058,GCR,CDDO-EA,2019-07-10,22.5
3058,GCR,CDDO-EA,2019-07-17,23
3058,GCR,CDDO-EA,2019-07-24,22.8
3058,GCR,CDDO-EA,2019-07-31,23.2
3058,GCR,CDDO-EA,2019-08-07,22.9
3058,GCR,CDDO-EA,2019-08-14,23.9
3058,GCR,CDDO-EA,2019-08-21,23.7
3058,GCR,CDDO-EA,2019-08-28,23.9
3058,GCR,CDDO-EA,2019-09-04,24
3058,GCR,CDDO-EA,2019-09-11,24.3
3058,GCR,CDDO-EA,2019-09-18,24.4
3058,GCR,CDDO-EA,2019-09-25,24.6
3058,GCR,CDDO-EA,2019-10-02,24.3
3058,GCR,CDDO-EA,2019-10-09,24.4
3058,GCR,CDDO-EA,2019-10-15,24.6
3058,GCR,CDDO-EA,2019-10-22,25.5
3058,GCR,CDDO-EA,2019-10-30,24.8
3058,GCR,CDDO-EA,2019-11-05,25.9
3058,GCR,CDDO-EA,2019-11-13,25.9
3058,GCR,CDDO-EA,2019-11-20,27.1
3058,GCR,CDDO-EA,2019-11-27,27.6
3058,GCR,CDDO-EA,2019-12-14,25.7
3058,GCR,CDDO-EA,2019-12-11,27
3058,GCR,CDDO-EA,2019-12-20,27.2
3058,GCR,CDDO-EA,2019-12-26,27.9
3058,GCR,CDDO-EA,2020-01-02,27.2
3058,GCR,CDDO-EA,2020-01-08,28.5
3058,GCR,CDDO-EA,2020-01-15,26.2
3058,GCR,CDDO-EA,2020-01-22,28.8
3058,GCR,CDDO-EA,2020-01-29,25.6
3058,GCR,CDDO-EA,2020-02-05,24.5
3058,GCR,CDDO-EA,2020-02-12,27
3058,GCR,CDDO-EA,2020-02-19,27.4
3058,GCR,CDDO-EA,2020-02-26,27.2
3058,GCR,CDDO-EA,2020-03-04,28
3058,GCR,CDDO-EA,2020-03-20,27.4
3058,GCR,CDDO-EA,2020-04-24,31.2
3039,GCR,Vehicle,2019-04-03,23.6
3039,GCR,Vehicle,2019-05-01,24.3
3039,GCR,Vehicle,2019-05-07,24.6
3039,GCR,Vehicle,2019-05-28,25.5
3039,GCR,Vehicle,2019-06-05,24.4
3039,GCR,Vehicle,2019-06-12,26.8
3039,GCR,Vehicle,2019-06-19,28
3039,GCR,Vehicle,2019-06-26,28.3
3039,GCR,Vehicle,2019-07-03,29.1
3039,GCR,Vehicle,2019-07-10,28.9
3039,GCR,Vehicle,2019-07-17,29.2
3039,GCR,Vehicle,2019-07-24,29.4
3039,GCR,Vehicle,2019-07-31,29.3
3039,GCR,Vehicle,2019-08-07,29.5
3039,GCR,Vehicle,2019-08-14,28.7
3039,GCR,Vehicle,2019-08-21,29.1
3039,GCR,Vehicle,2019-08-28,29.4
3039,GCR,Vehicle,2019-09-04,29.1
3039,GCR,Vehicle,2019-09-11,29.3
3039,GCR,Vehicle,2019-09-18,29.9
3039,GCR,Vehicle,2019-09-25,29.9
3039,GCR,Vehicle,2019-10-02,29.7
3039,GCR,Vehicle,2019-10-09,30
3039,GCR,Vehicle,2019-10-15,29.9
3039,GCR,Vehicle,2019-10-22,31
3039,GCR,Vehicle,2019-10-30,30.7
3039,GCR,Vehicle,2019-11-05,31.4
3039,GCR,Vehicle,2019-11-13,30.1
3039,GCR,Vehicle,2019-11-20,33.1
3039,GCR,Vehicle,2019-11-27,35.6
3039,GCR,Vehicle,2019-12-14,35
3039,GCR,Vehicle,2019-12-11,33.5
3039,GCR,Vehicle,2019-12-20,33.9
3039,GCR,Vehicle,2019-12-26,35.6
3039,GCR,Vehicle,2020-01-02,33.9
3039,GCR,Vehicle,2020-01-08,34.4
3039,GCR,Vehicle,2020-01-15,32.8
3039,GCR,Vehicle,2020-01-22,32.6
3039,GCR,Vehicle,2020-01-29,32.8
3039,GCR,Vehicle,2020-02-05,32.5
3039,GCR,Vehicle,2020-02-12,34.5
3039,GCR,Vehicle,2020-02-19,36.2
3039,GCR,Vehicle,2020-02-26,37.8
3039,GCR,Vehicle,2020-03-04,39.7
3039,GCR,Vehicle,2020-03-20,40
3039,GCR,Vehicle,2020-04-24,42.9
3059,GCR,Vehicle,2019-04-03,25.4
3059,GCR,Vehicle,2019-05-01,28.1
3059,GCR,Vehicle,2019-05-07,28
3059,GCR,Vehicle,2019-05-28,31.6
3059,GCR,Vehicle,2019-06-05,27
3059,GCR,Vehicle,2019-06-12,27.3
3059,GCR,Vehicle,2019-06-19,28.3
3059,GCR,Vehicle,2019-06-26,28.1
3059,GCR,Vehicle,2019-07-03,28.5
3059,GCR,Vehicle,2019-07-10,28.7
3059,GCR,Vehicle,2019-07-17,29
3059,GCR,Vehicle,2019-07-24,28.4
3059,GCR,Vehicle,2019-07-31,28.1
3059,GCR,Vehicle,2019-08-07,28
3059,GCR,Vehicle,2019-08-14,27.7
3059,GCR,Vehicle,2019-08-21,27.8
3059,GCR,Vehicle,2019-08-28,27.7
3059,GCR,Vehicle,2019-09-04,28
3059,GCR,Vehicle,2019-09-11,27.4
3059,GCR,Vehicle,2019-09-18,28.1
3059,GCR,Vehicle,2019-09-25,28.6
3059,GCR,Vehicle,2019-10-02,28.6
3059,GCR,Vehicle,2019-10-09,28.2
3059,GCR,Vehicle,2019-10-15,28.7
3059,GCR,Vehicle,2019-10-22,30.1
3059,GCR,Vehicle,2019-10-30,29.3
3059,GCR,Vehicle,2019-11-05,29.7
3059,GCR,Vehicle,2019-11-13,29.1
3059,GCR,Vehicle,2019-11-20,32.1
3059,GCR,Vehicle,2019-11-27,33.3
3059,GCR,Vehicle,2019-12-14,31.8
3059,GCR,Vehicle,2019-12-11,30.9
3059,GCR,Vehicle,2019-12-20,31.6
3059,GCR,Vehicle,2019-12-26,33.5
3059,GCR,Vehicle,2020-01-02,32.4
3059,GCR,Vehicle,2020-01-08,32
3059,GCR,Vehicle,2020-01-15,30.5
3059,GCR,Vehicle,2020-01-22,30.5
3059,GCR,Vehicle,2020-01-29,31
3059,GCR,Vehicle,2020-02-05,30.7
3059,GCR,Vehicle,2020-02-12,32.8
3059,GCR,Vehicle,2020-02-19,33.9
3059,GCR,Vehicle,2020-02-26,35.2
3059,GCR,Vehicle,2020-03-04,36.2
3059,GCR,Vehicle,2020-03-20,36.1
3059,GCR,Vehicle,2020-04-24,40
3060,GCR,Vehicle,2019-04-03,22.7
3060,GCR,Vehicle,2019-05-01,24
3060,GCR,Vehicle,2019-05-07,24.1
3060,GCR,Vehicle,2019-05-28,28.3
3060,GCR,Vehicle,2019-06-05,23.5
3060,GCR,Vehicle,2019-06-12,24.3
3060,GCR,Vehicle,2019-06-19,25.2
3060,GCR,Vehicle,2019-06-26,25
3060,GCR,Vehicle,2019-07-03,26.1
3060,GCR,Vehicle,2019-07-10,26.4
3060,GCR,Vehicle,2019-07-17,27.1
3060,GCR,Vehicle,2019-07-24,27.3
3060,GCR,Vehicle,2019-07-31,26.9
3060,GCR,Vehicle,2019-08-07,26.9
3060,GCR,Vehicle,2019-08-14,26.4
3060,GCR,Vehicle,2019-08-21,27.3
3060,GCR,Vehicle,2019-08-28,27.5
3060,GCR,Vehicle,2019-09-04,28.6
3060,GCR,Vehicle,2019-09-11,29.2
3060,GCR,Vehicle,2019-09-18,29.4
3060,GCR,Vehicle,2019-09-25,29.6
3060,GCR,Vehicle,2019-10-02,29.9
3060,GCR,Vehicle,2019-10-09,29.6
3060,GCR,Vehicle,2019-10-15,30.2
3060,GCR,Vehicle,2019-10-22,31.5
3060,GCR,Vehicle,2019-10-30,31.4
3060,GCR,Vehicle,2019-11-05,31.4
3060,GCR,Vehicle,2019-11-13,31
3060,GCR,Vehicle,2019-11-20,34.5
3060,GCR,Vehicle,2019-11-27,36.3
3060,GCR,Vehicle,2019-12-14,35.7
3060,GCR,Vehicle,2019-12-11,34
3060,GCR,Vehicle,2019-12-20,34.7
3060,GCR,Vehicle,2019-12-26,33.6
3060,GCR,Vehicle,2020-01-02,34.5
3060,GCR,Vehicle,2020-01-08,35.5
3060,GCR,Vehicle,2020-01-15,33.7
3060,GCR,Vehicle,2020-01-22,34.1
3060,GCR,Vehicle,2020-01-29,34.2
3060,GCR,Vehicle,2020-02-05,34.1
3060,GCR,Vehicle,2020-02-12,41
3060,GCR,Vehicle,2020-02-19,41.4
3060,GCR,Vehicle,2020-02-26,45.5
3060,GCR,Vehicle,2020-03-04,40
3060,GCR,Vehicle,2020-03-20,44.4
3060,GCR,Vehicle,2020-04-24,45.4
3061,GCR,Vehicle,2019-04-03,28.9
3061,GCR,Vehicle,2019-05-01,34
3061,GCR,Vehicle,2019-05-07,35.3
3061,GCR,Vehicle,2019-05-28,38.3
3061,GCR,Vehicle,2019-06-05,33.6
3061,GCR,Vehicle,2019-06-12,33.6
3061,GCR,Vehicle,2019-06-19,33.8
3061,GCR,Vehicle,2019-06-26,34.1
3061,GCR,Vehicle,2019-07-03,34.1
3061,GCR,Vehicle,2019-07-10,34.2
3061,GCR,Vehicle,2019-07-17,34.9
3061,GCR,Vehicle,2019-07-24,34.5
3061,GCR,Vehicle,2019-07-31,34.4
3061,GCR,Vehicle,2019-08-07,34.6
3061,GCR,Vehicle,2019-08-14,33.8
3061,GCR,Vehicle,2019-08-21,33.4
3061,GCR,Vehicle,2019-08-28,33.5
3061,GCR,Vehicle,2019-09-04,33.6
3061,GCR,Vehicle,2019-09-11,33.6
3061,GCR,Vehicle,2019-09-18,33.7
3061,GCR,Vehicle,2019-09-25,34.1
3061,GCR,Vehicle,2019-10-02,34
3061,GCR,Vehicle,2019-10-09,33.4
3061,GCR,Vehicle,2019-10-15,33.5
3061,GCR,Vehicle,2019-10-22,35.5
3061,GCR,Vehicle,2019-10-30,35.3
3061,GCR,Vehicle,2019-11-05,34.9
3061,GCR,Vehicle,2019-11-13,35.1
3061,GCR,Vehicle,2019-11-20,39
3061,GCR,Vehicle,2019-11-27,41.2
3061,GCR,Vehicle,2019-12-14,40.1
3061,GCR,Vehicle,2019-12-11,38.3
3061,GCR,Vehicle,2019-12-20,38.1
3061,GCR,Vehicle,2019-12-26,40.1
3061,GCR,Vehicle,2020-01-02,39.4
3061,GCR,Vehicle,2020-01-08,39
3061,GCR,Vehicle,2020-01-15,37.5
3061,GCR,Vehicle,2020-01-22,36.5
3061,GCR,Vehicle,2020-01-29,38.2
3061,GCR,Vehicle,2020-02-05,37.3
3061,GCR,Vehicle,2020-02-12,36.6
3061,GCR,Vehicle,2020-02-19,37
3061,GCR,Vehicle,2020-02-26,39.1
3061,GCR,Vehicle,2020-03-04,44.8
3061,GCR,Vehicle,2020-03-20,40.3
3061,GCR,Vehicle,2020-04-24,40.2
3040,GCR,Vehicle,2019-04-03,27.5
3040,GCR,Vehicle,2019-05-01,25.3
3040,GCR,Vehicle,2019-05-07,26
3040,GCR,Vehicle,2019-05-28,27.7
3040,GCR,Vehicle,2019-06-05,26.2
3040,GCR,Vehicle,2019-06-12,28
3040,GCR,Vehicle,2019-06-19,29
3040,GCR,Vehicle,2019-06-26,29.6
3040,GCR,Vehicle,2019-07-03,29.2
3040,GCR,Vehicle,2019-07-10,29.5
3040,GCR,Vehicle,2019-07-17,30
3040,GCR,Vehicle,2019-07-24,30.4
3040,GCR,Vehicle,2019-07-31,30.2
3040,GCR,Vehicle,2019-08-07,29.4
3040,GCR,Vehicle,2019-08-14,28.9
3040,GCR,Vehicle,2019-08-21,29.4
3040,GCR,Vehicle,2019-08-28,29.7
3040,GCR,Vehicle,2019-09-04,29.7
3040,GCR,Vehicle,2019-09-11,29.4
3040,GCR,Vehicle,2019-09-18,30
3040,GCR,Vehicle,2019-09-25,31
3040,GCR,Vehicle,2019-10-02,30.6
3040,GCR,Vehicle,2019-10-09,30.8
3040,GCR,Vehicle,2019-10-15,31.6
3040,GCR,Vehicle,2019-10-22,33.3
3040,GCR,Vehicle,2019-10-30,32.5
3040,GCR,Vehicle,2019-11-05,33.1
3040,GCR,Vehicle,2019-11-13,31.9
3040,GCR,Vehicle,2019-11-20,34.9
3040,GCR,Vehicle,2019-11-27,35.6
3040,GCR,Vehicle,2019-12-14,34
3040,GCR,Vehicle,2019-12-11,34.1
3040,GCR,Vehicle,2019-12-20,36.2
3040,GCR,Vehicle,2019-12-26,38
3040,GCR,Vehicle,2020-01-02,36.2
3040,GCR,Vehicle,2020-01-08,37
3040,GCR,Vehicle,2020-01-15,34.9
3040,GCR,Vehicle,2020-01-22,35
3040,GCR,Vehicle,2020-01-29,35
3040,GCR,Vehicle,2020-02-05,35.2
3040,GCR,Vehicle,2020-02-12,37.5
3040,GCR,Vehicle,2020-02-19,38.2
3040,GCR,Vehicle,2020-02-26,37.4
3040,GCR,Vehicle,2020-03-04,38.9
3040,GCR,Vehicle,2020-03-20,40.6
3040,GCR,Vehicle,2020-04-24,43.6
3062,GCR,Vehicle,2019-04-03,22.6
3062,GCR,Vehicle,2019-05-01,23.9
3062,GCR,Vehicle,2019-05-07,23.9
3062,GCR,Vehicle,2019-05-28,25.8
3062,GCR,Vehicle,2019-06-05,23.3
3062,GCR,Vehicle,2019-06-12,24.4
3062,GCR,Vehicle,2019-06-19,25.3
3062,GCR,Vehicle,2019-06-26,24.8
3062,GCR,Vehicle,2019-07-03,25.2
3062,GCR,Vehicle,2019-07-10,26.1
3062,GCR,Vehicle,2019-07-17,26.3
3062,GCR,Vehicle,2019-07-24,26
3062,GCR,Vehicle,2019-07-31,26.3
3062,GCR,Vehicle,2019-08-07,26.3
3062,GCR,Vehicle,2019-08-14,26
3062,GCR,Vehicle,2019-08-21,26.7
3062,GCR,Vehicle,2019-08-28,27
3062,GCR,Vehicle,2019-09-04,26.8
3062,GCR,Vehicle,2019-09-11,26.3
3062,GCR,Vehicle,2019-09-18,26.5
3062,GCR,Vehicle,2019-09-25,26.8
3062,GCR,Vehicle,2019-10-02,26.9
3062,GCR,Vehicle,2019-10-09,26.8
3062,GCR,Vehicle,2019-10-15,27.1
3062,GCR,Vehicle,2019-10-22,27.6
3062,GCR,Vehicle,2019-10-30,27
3062,GCR,Vehicle,2019-11-05,28
3062,GCR,Vehicle,2019-11-13,27.5
3062,GCR,Vehicle,2019-11-20,30.3
3062,GCR,Vehicle,2019-11-27,32.9
3062,GCR,Vehicle,2019-12-14,32.3
3062,GCR,Vehicle,2019-12-11,30.3
3062,GCR,Vehicle,2019-12-20,30.6
3062,GCR,Vehicle,2019-12-26,30.9
3062,GCR,Vehicle,2020-01-02,29.8
3062,GCR,Vehicle,2020-01-08,31.1
3062,GCR,Vehicle,2020-01-15,39.6
3062,GCR,Vehicle,2020-01-22,39.1
3062,GCR,Vehicle,2020-01-29,29.2
3062,GCR,Vehicle,2020-02-05,29.4
3062,GCR,Vehicle,2020-02-12,32.3
3062,GCR,Vehicle,2020-02-19,32.9
3062,GCR,Vehicle,2020-02-26,33.6
3062,GCR,Vehicle,2020-03-04,35.1
3062,GCR,Vehicle,2020-03-20,35.1
3062,GCR,Vehicle,2020-04-24,36.4
3063,GCR,Vehicle,2019-04-03,25.2
3063,GCR,Vehicle,2019-05-01,24.9
3063,GCR,Vehicle,2019-05-07,24.5
3063,GCR,Vehicle,2019-05-28,27.4
3063,GCR,Vehicle,2019-06-05,25.1
3063,GCR,Vehicle,2019-06-12,26.9
3063,GCR,Vehicle,2019-06-19,27.1
3063,GCR,Vehicle,2019-06-26,27.3
3063,GCR,Vehicle,2019-07-03,27.5
3063,GCR,Vehicle,2019-07-10,28.8
3063,GCR,Vehicle,2019-07-17,28.6
3063,GCR,Vehicle,2019-07-24,28.5
3063,GCR,Vehicle,2019-07-31,28.6
3063,GCR,Vehicle,2019-08-07,28.4
3063,GCR,Vehicle,2019-08-14,27.9
3063,GCR,Vehicle,2019-08-21,28.2
3063,GCR,Vehicle,2019-08-28,28.7
3063,GCR,Vehicle,2019-09-04,28.5
3063,GCR,Vehicle,2019-09-11,28.6
3063,GCR,Vehicle,2019-09-18,28.8
3063,GCR,Vehicle,2019-09-25,28.9
3063,GCR,Vehicle,2019-10-02,29.1
3063,GCR,Vehicle,2019-10-09,28.8
3063,GCR,Vehicle,2019-10-15,29.1
3063,GCR,Vehicle,2019-10-22,30.5
3063,GCR,Vehicle,2019-10-30,29.5
3063,GCR,Vehicle,2019-11-05,30.3
3063,GCR,Vehicle,2019-11-13,29.7
3063,GCR,Vehicle,2019-11-20,32.6
3063,GCR,Vehicle,2019-11-27,32.7
3063,GCR,Vehicle,2019-12-14,31.3
3063,GCR,Vehicle,2019-12-11,30.6
3063,GCR,Vehicle,2019-12-20,32.4
3063,GCR,Vehicle,2019-12-26,34.4
3063,GCR,Vehicle,2020-01-02,31
3063,GCR,Vehicle,2020-01-08,37.6
3063,GCR,Vehicle,2020-01-15,31.2
3063,GCR,Vehicle,2020-01-22,30.7
3063,GCR,Vehicle,2020-01-29,30.8
3063,GCR,Vehicle,2020-02-05,30.7
3063,GCR,Vehicle,2020-02-12,33.4
3063,GCR,Vehicle,2020-02-19,34
3063,GCR,Vehicle,2020-02-26,34.1
3063,GCR,Vehicle,2020-03-04,36.6
3063,GCR,Vehicle,2020-03-20,39.1
3063,GCR,Vehicle,2020-04-24,43.4
3064,GCR,Vehicle,2019-04-03,21.7
3064,GCR,Vehicle,2019-05-01,23
3064,GCR,Vehicle,2019-05-07,22.9
3064,GCR,Vehicle,2019-05-28,23.5
3064,GCR,Vehicle,2019-06-05,23.9
3064,GCR,Vehicle,2019-06-12,26.1
3064,GCR,Vehicle,2019-06-19,26.9
3064,GCR,Vehicle,2019-06-26,26.3
3064,GCR,Vehicle,2019-07-03,27
3064,GCR,Vehicle,2019-07-10,27.3
3064,GCR,Vehicle,2019-07-17,26.9
3064,GCR,Vehicle,2019-07-24,27.1
3064,GCR,Vehicle,2019-07-31,28.2
3064,GCR,Vehicle,2019-08-07,28.3
3064,GCR,Vehicle,2019-08-14,28.1
3064,GCR,Vehicle,2019-08-21,28.1
3064,GCR,Vehicle,2019-08-28,28.4
3064,GCR,Vehicle,2019-09-04,28.6
3064,GCR,Vehicle,2019-09-11,27.9
3064,GCR,Vehicle,2019-09-18,28.4
3064,GCR,Vehicle,2019-09-25,29
3064,GCR,Vehicle,2019-10-02,29
3064,GCR,Vehicle,2019-10-09,27.8
3064,GCR,Vehicle,2019-10-15,28.1
3064,GCR,Vehicle,2019-10-22,29.5
3064,GCR,Vehicle,2019-10-30,29.4
3064,GCR,Vehicle,2019-11-05,30.4
3064,GCR,Vehicle,2019-11-13,29.5
3064,GCR,Vehicle,2019-11-20,32.9
3064,GCR,Vehicle,2019-11-27,35.5
3064,GCR,Vehicle,2019-12-14,33.8
3064,GCR,Vehicle,2019-12-11,32.9
3064,GCR,Vehicle,2019-12-20,33.5
3064,GCR,Vehicle,2019-12-26,33.7
3064,GCR,Vehicle,2020-01-02,32.3
3064,GCR,Vehicle,2020-01-08,33.3
3064,GCR,Vehicle,2020-01-15,32.5
3064,GCR,Vehicle,2020-01-22,31.8
3064,GCR,Vehicle,2020-01-29,32.2
3064,GCR,Vehicle,2020-02-05,32.5
3064,GCR,Vehicle,2020-02-12,36.2
3064,GCR,Vehicle,2020-02-19,37.6
3064,GCR,Vehicle,2020-02-26,37.6
3064,GCR,Vehicle,2020-03-04,39.7
3064,GCR,Vehicle,2020-03-20,41.2
3064,GCR,Vehicle,2020-04-24,45.8
3065,GCR,Vehicle,2019-04-03,25
3065,GCR,Vehicle,2019-05-01,24.5
3065,GCR,Vehicle,2019-05-07,25.8
3065,GCR,Vehicle,2019-05-28,27.9
3065,GCR,Vehicle,2019-06-05,25.3
3065,GCR,Vehicle,2019-06-12,25.2
3065,GCR,Vehicle,2019-06-19,28
3065,GCR,Vehicle,2019-06-26,28.5
3065,GCR,Vehicle,2019-07-03,29
3065,GCR,Vehicle,2019-07-10,29.1
3065,GCR,Vehicle,2019-07-17,29.2
3065,GCR,Vehicle,2019-07-24,29
3065,GCR,Vehicle,2019-07-31,29
3065,GCR,Vehicle,2019-08-07,28.5
3065,GCR,Vehicle,2019-08-14,29.1
3065,GCR,Vehicle,2019-08-21,28.7
3065,GCR,Vehicle,2019-08-28,28.4
3065,GCR,Vehicle,2019-09-04,28.7
3065,GCR,Vehicle,2019-09-11,29.1
3065,GCR,Vehicle,2019-09-18,29.2
3065,GCR,Vehicle,2019-09-25,29.5
3065,GCR,Vehicle,2019-10-02,28.9
3065,GCR,Vehicle,2019-10-09,29.2
3065,GCR,Vehicle,2019-10-15,29.7
3065,GCR,Vehicle,2019-10-22,31.3
3065,GCR,Vehicle,2019-10-30,30
3065,GCR,Vehicle,2019-11-05,31.2
3065,GCR,Vehicle,2019-11-13,31.1
3065,GCR,Vehicle,2019-11-20,33.5
3065,GCR,Vehicle,2019-11-27,34.6
3065,GCR,Vehicle,2019-12-14,33.9
3065,GCR,Vehicle,2019-12-11,34.2
3065,GCR,Vehicle,2019-12-20,32.9
3065,GCR,Vehicle,2019-12-26,34.4
3065,GCR,Vehicle,2020-01-02,33.4
3065,GCR,Vehicle,2020-01-08,33.9
3065,GCR,Vehicle,2020-01-15,32.6
3065,GCR,Vehicle,2020-01-22,32.2
3065,GCR,Vehicle,2020-01-29,32.6
3065,GCR,Vehicle,2020-02-05,32.1
3065,GCR,Vehicle,2020-02-12,34.6
3065,GCR,Vehicle,2020-02-19,35.7
3065,GCR,Vehicle,2020-02-26,36.2
3065,GCR,Vehicle,2020-03-04,37
3065,GCR,Vehicle,2020-03-20,37.8
3065,GCR,Vehicle,2020-04-24,42.2
3066,GCR,Vehicle,2019-04-03,21.8
3066,GCR,Vehicle,2019-05-01,22.1
3066,GCR,Vehicle,2019-05-07,22.7
3066,GCR,Vehicle,2019-05-28,22.9
3066,GCR,Vehicle,2019-06-05,21.1
3066,GCR,Vehicle,2019-06-12,27.8
3066,GCR,Vehicle,2019-06-19,24.8
3066,GCR,Vehicle,2019-06-26,25
3066,GCR,Vehicle,2019-07-03,25.4
3066,GCR,Vehicle,2019-07-10,25.9
3066,GCR,Vehicle,2019-07-17,26.2
3066,GCR,Vehicle,2019-07-24,26.9
3066,GCR,Vehicle,2019-07-31,26.7
3066,GCR,Vehicle,2019-08-07,26.5
3066,GCR,Vehicle,2019-08-14,26.3
3066,GCR,Vehicle,2019-08-21,26.4
3066,GCR,Vehicle,2019-08-28,26.5
3066,GCR,Vehicle,2019-09-04,26.8
3066,GCR,Vehicle,2019-09-11,26.3
3066,GCR,Vehicle,2019-09-18,27
3066,GCR,Vehicle,2019-09-25,27.6
3066,GCR,Vehicle,2019-10-02,26.3
3066,GCR,Vehicle,2019-10-09,26.7
3066,GCR,Vehicle,2019-10-15,27.3
3066,GCR,Vehicle,2019-10-22,27.8
3066,GCR,Vehicle,2019-10-30,26.4
3066,GCR,Vehicle,2019-11-05,27.4
3066,GCR,Vehicle,2019-11-13,27
3066,GCR,Vehicle,2019-11-20,28.5
3066,GCR,Vehicle,2019-11-27,29.6
3066,GCR,Vehicle,2019-12-14,28.6
3066,GCR,Vehicle,2019-12-11,30
3066,GCR,Vehicle,2019-12-20,30.3
3066,GCR,Vehicle,2019-12-26,31.6
3066,GCR,Vehicle,2020-01-02,30.5
3066,GCR,Vehicle,2020-01-08,30.6
3066,GCR,Vehicle,2020-01-15,29
3066,GCR,Vehicle,2020-01-22,29.6
3066,GCR,Vehicle,2020-01-29,28.8
3066,GCR,Vehicle,2020-02-05,29.4
3066,GCR,Vehicle,2020-02-12,31.4
3066,GCR,Vehicle,2020-02-19,31.1
3066,GCR,Vehicle,2020-02-26,31.2
3066,GCR,Vehicle,2020-03-04,31.4
3066,GCR,Vehicle,2020-03-20,30.6
3066,GCR,Vehicle,2020-04-24,33.1
3075,GCR,Vehicle,2019-04-03,27.7
3075,GCR,Vehicle,2019-05-01,31.6
3075,GCR,Vehicle,2019-05-07,32.2
3075,GCR,Vehicle,2019-05-28,33.5
3075,GCR,Vehicle,2019-06-05,29.6
3075,GCR,Vehicle,2019-06-12,20.8
3075,GCR,Vehicle,2019-06-19,30.9
3075,GCR,Vehicle,2019-06-26,30.9
3075,GCR,Vehicle,2019-07-03,31
3075,GCR,Vehicle,2019-07-10,31.6
3075,GCR,Vehicle,2019-07-17,32.2
3075,GCR,Vehicle,2019-07-24,32.5
3075,GCR,Vehicle,2019-07-31,32.5
3075,GCR,Vehicle,2019-08-07,32.4
3075,GCR,Vehicle,2019-08-14,32.5
3075,GCR,Vehicle,2019-08-21,32.5
3075,GCR,Vehicle,2019-08-28,32.6
3075,GCR,Vehicle,2019-09-04,32.3
3075,GCR,Vehicle,2019-09-11,32.2
3075,GCR,Vehicle,2019-09-18,32.7
3075,GCR,Vehicle,2019-09-25,33.1
3075,GCR,Vehicle,2019-10-02,32.5
3075,GCR,Vehicle,2019-10-09,31.9
3075,GCR,Vehicle,2019-10-15,32.2
3075,GCR,Vehicle,2019-10-22,34.2
3075,GCR,Vehicle,2019-10-30,31.8
3075,GCR,Vehicle,2019-11-05,32.6
3075,GCR,Vehicle,2019-11-13,31.9
3075,GCR,Vehicle,2019-11-20,35.2
3075,GCR,Vehicle,2019-11-27,37.4
3075,GCR,Vehicle,2019-12-14,36.4
3075,GCR,Vehicle,2019-12-11,36.3
3075,GCR,Vehicle,2019-12-20,35
3075,GCR,Vehicle,2019-12-26,38
3075,GCR,Vehicle,2020-01-02,36
3075,GCR,Vehicle,2020-01-08,36
3075,GCR,Vehicle,2020-01-15,34.2
3075,GCR,Vehicle,2020-01-22,34.4
3075,GCR,Vehicle,2020-01-29,34.6
3075,GCR,Vehicle,2020-02-05,34.2
3075,GCR,Vehicle,2020-02-12,37.4
3075,GCR,Vehicle,2020-02-19,39.7
3075,GCR,Vehicle,2020-02-26,41.2
3075,GCR,Vehicle,2020-03-04,42.9
3075,GCR,Vehicle,2020-03-20,39.8
3075,GCR,Vehicle,2020-04-24,43.4
3074,GCR,Vehicle,2019-04-03,25.9
3074,GCR,Vehicle,2019-05-01,26.5
3074,GCR,Vehicle,2019-05-07,27.3
3074,GCR,Vehicle,2019-05-28,29
3074,GCR,Vehicle,2019-06-05,26.3
3074,GCR,Vehicle,2019-06-12,22.9
3074,GCR,Vehicle,2019-06-19,29.1
3074,GCR,Vehicle,2019-06-26,29.3
3074,GCR,Vehicle,2019-07-03,29.8
3074,GCR,Vehicle,2019-07-10,29.3
3074,GCR,Vehicle,2019-07-17,29.8
3074,GCR,Vehicle,2019-07-24,30.2
3074,GCR,Vehicle,2019-07-31,29.7
3074,GCR,Vehicle,2019-08-07,29.6
3074,GCR,Vehicle,2019-08-14,29.6
3074,GCR,Vehicle,2019-08-21,30.4
3074,GCR,Vehicle,2019-08-28,30.6
3074,GCR,Vehicle,2019-09-04,30.7
3074,GCR,Vehicle,2019-09-11,30.6
3074,GCR,Vehicle,2019-09-18,31.1
3074,GCR,Vehicle,2019-09-25,31.4
3074,GCR,Vehicle,2019-10-02,31.4
3074,GCR,Vehicle,2019-10-09,31.2
3074,GCR,Vehicle,2019-10-15,31.6
3074,GCR,Vehicle,2019-10-22,32.4
3074,GCR,Vehicle,2019-10-30,30.5
3074,GCR,Vehicle,2019-11-05,32
3074,GCR,Vehicle,2019-11-13,32.2
3074,GCR,Vehicle,2019-11-20,34
3074,GCR,Vehicle,2019-11-27,35.3
3074,GCR,Vehicle,2019-12-14,34.5
3074,GCR,Vehicle,2019-12-11,34.9
3074,GCR,Vehicle,2019-12-20,33.9
3074,GCR,Vehicle,2019-12-26,36.1
3074,GCR,Vehicle,2020-01-02,34.8
3074,GCR,Vehicle,2020-01-08,35
3074,GCR,Vehicle,2020-01-15,32.9
3074,GCR,Vehicle,2020-01-22,32.6
3074,GCR,Vehicle,2020-01-29,33
3074,GCR,Vehicle,2020-02-05,32.9
3074,GCR,Vehicle,2020-02-12,36.2
3074,GCR,Vehicle,2020-02-19,37.1
3074,GCR,Vehicle,2020-02-26,37.6
3074,GCR,Vehicle,2020-03-04,39.3
3074,GCR,Vehicle,2020-03-20,43.3
3074,GCR,Vehicle,2020-04-24,49.7
3073,GCR,Vehicle,2019-04-03,22.4
3073,GCR,Vehicle,2019-05-01,23.8
3073,GCR,Vehicle,2019-05-07,23.3
3073,GCR,Vehicle,2019-05-28,25.1
3073,GCR,Vehicle,2019-06-05,22.2
3073,GCR,Vehicle,2019-06-12,24.1
3073,GCR,Vehicle,2019-06-19,24.6
3073,GCR,Vehicle,2019-06-26,24.4
3073,GCR,Vehicle,2019-07-03,24.6
3073,GCR,Vehicle,2019-07-10,24.2
3073,GCR,Vehicle,2019-07-17,24.3
3073,GCR,Vehicle,2019-07-24,24.2
3073,GCR,Vehicle,2019-07-31,24.2
3073,GCR,Vehicle,2019-08-07,24.2
3073,GCR,Vehicle,2019-08-14,24.4
3073,GCR,Vehicle,2019-08-21,24.5
3073,GCR,Vehicle,2019-08-28,24.6
3073,GCR,Vehicle,2019-09-04,24.6
3073,GCR,Vehicle,2019-09-11,24.7
3073,GCR,Vehicle,2019-09-18,25.4
3073,GCR,Vehicle,2019-09-25,23.4
3073,GCR,Vehicle,2019-10-02,25
3073,GCR,Vehicle,2019-10-09,25.2
3073,GCR,Vehicle,2019-10-15,24.6
3073,GCR,Vehicle,2019-10-22,25.9
3073,GCR,Vehicle,2019-10-30,24.9
3073,GCR,Vehicle,2019-11-05,25.7
3073,GCR,Vehicle,2019-11-13,25.2
3073,GCR,Vehicle,2019-11-20,27.7
3073,GCR,Vehicle,2019-11-27,27.4
3073,GCR,Vehicle,2019-12-14,24.9
3073,GCR,Vehicle,2019-12-11,25.6
3073,GCR,Vehicle,2019-12-20,25.6
3073,GCR,Vehicle,2019-12-26,26.2
3073,GCR,Vehicle,2020-01-02,25.1
3073,GCR,Vehicle,2020-01-08,27.2
3073,GCR,Vehicle,2020-01-15,25.7
3073,GCR,Vehicle,2020-01-22,25.8
3073,GCR,Vehicle,2020-01-29,24.3
3073,GCR,Vehicle,2020-02-05,24.6
3073,GCR,Vehicle,2020-02-12,26.7
3073,GCR,Vehicle,2020-02-19,27.3
3073,GCR,Vehicle,2020-02-26,28.1
3073,GCR,Vehicle,2020-03-04,28.1
3073,GCR,Vehicle,2020-03-20,29
3073,GCR,Vehicle,2020-04-24,42.5
3072,GCR,Vehicle,2019-04-03,25.8
3072,GCR,Vehicle,2019-05-01,28.8
3072,GCR,Vehicle,2019-05-07,29.5
3072,GCR,Vehicle,2019-05-28,31.1
3072,GCR,Vehicle,2019-06-05,27.9
3072,GCR,Vehicle,2019-06-12,28.5
3072,GCR,Vehicle,2019-06-19,29.1
3072,GCR,Vehicle,2019-06-26,29
3072,GCR,Vehicle,2019-07-03,28.7
3072,GCR,Vehicle,2019-07-10,28.9
3072,GCR,Vehicle,2019-07-17,29.1
3072,GCR,Vehicle,2019-07-24,29.2
3072,GCR,Vehicle,2019-07-31,29
3072,GCR,Vehicle,2019-08-07,29.1
3072,GCR,Vehicle,2019-08-14,29
3072,GCR,Vehicle,2019-08-21,28.6
3072,GCR,Vehicle,2019-08-28,28.8
3072,GCR,Vehicle,2019-09-04,28.6
3072,GCR,Vehicle,2019-09-11,29
3072,GCR,Vehicle,2019-09-18,29.2
3072,GCR,Vehicle,2019-09-25,28
3072,GCR,Vehicle,2019-10-02,28.9
3072,GCR,Vehicle,2019-10-09,28.8
3072,GCR,Vehicle,2019-10-15,29
3072,GCR,Vehicle,2019-10-22,30.4
3072,GCR,Vehicle,2019-10-30,29.7
3072,GCR,Vehicle,2019-11-05,30.7
3072,GCR,Vehicle,2019-11-13,30.5
3072,GCR,Vehicle,2019-11-20,32.6
3072,GCR,Vehicle,2019-11-27,33.1
3072,GCR,Vehicle,2019-12-14,32
3072,GCR,Vehicle,2019-12-11,32.5
3072,GCR,Vehicle,2019-12-20,32.4
3072,GCR,Vehicle,2019-12-26,33.9
3072,GCR,Vehicle,2020-01-02,33.2
3072,GCR,Vehicle,2020-01-08,34
3072,GCR,Vehicle,2020-01-15,32.3
3072,GCR,Vehicle,2020-01-22,31.6
3072,GCR,Vehicle,2020-01-29,32.1
3072,GCR,Vehicle,2020-02-05,32.4
3072,GCR,Vehicle,2020-02-12,34.9
3072,GCR,Vehicle,2020-02-19,36.4
3072,GCR,Vehicle,2020-02-26,37.2
3072,GCR,Vehicle,2020-03-04,37.6
3072,GCR,Vehicle,2020-03-20,37.4
3072,GCR,Vehicle,2020-04-24,42.5
3067,GCR,Vehicle,2019-04-03,27.2
3067,GCR,Vehicle,2019-05-01,28.3
3067,GCR,Vehicle,2019-05-07,28.9
3067,GCR,Vehicle,2019-05-28,32.2
3067,GCR,Vehicle,2019-06-05,28.9
3067,GCR,Vehicle,2019-06-12,29.9
3067,GCR,Vehicle,2019-06-19,30.8
3067,GCR,Vehicle,2019-06-26,30.6
3067,GCR,Vehicle,2019-07-03,29.6
3067,GCR,Vehicle,2019-07-10,29.2
3067,GCR,Vehicle,2019-07-17,30
3067,GCR,Vehicle,2019-07-24,30.1
3067,GCR,Vehicle,2019-07-31,29.8
3067,GCR,Vehicle,2019-08-07,29.5
3067,GCR,Vehicle,2019-08-14,29.4
3067,GCR,Vehicle,2019-08-21,29.4
3067,GCR,Vehicle,2019-08-28,30
3067,GCR,Vehicle,2019-09-04,29.8
3067,GCR,Vehicle,2019-09-11,29.2
3067,GCR,Vehicle,2019-09-18,29
3067,GCR,Vehicle,2019-09-25,28.1
3067,GCR,Vehicle,2019-10-02,29.5
3067,GCR,Vehicle,2019-10-09,29.2
3067,GCR,Vehicle,2019-10-15,29
3067,GCR,Vehicle,2019-10-22,29
3067,GCR,Vehicle,2019-10-30,27.3
3067,GCR,Vehicle,2019-11-05,29.1
3067,GCR,Vehicle,2019-11-13,29.9
3067,GCR,Vehicle,2019-11-20,33.2
3067,GCR,Vehicle,2019-11-27,34
3067,GCR,Vehicle,2019-12-14,32.4
3067,GCR,Vehicle,2019-12-11,33.4
3067,GCR,Vehicle,2019-12-20,32.3
3067,GCR,Vehicle,2019-12-26,33.8
3067,GCR,Vehicle,2020-01-02,33.1
3067,GCR,Vehicle,2020-01-08,32
3067,GCR,Vehicle,2020-01-15,32.6
3067,GCR,Vehicle,2020-01-22,32.7
3067,GCR,Vehicle,2020-01-29,32
3067,GCR,Vehicle,2020-02-05,31.6
3067,GCR,Vehicle,2020-02-12,34.4
3067,GCR,Vehicle,2020-02-19,35.9
3067,GCR,Vehicle,2020-02-26,36.5
3067,GCR,Vehicle,2020-03-04,38.1
3067,GCR,Vehicle,2020-03-20,38
3067,GCR,Vehicle,2020-04-24,42.9
3068,GCR,Vehicle,2019-04-03,23
3068,GCR,Vehicle,2019-05-01,23.8
3068,GCR,Vehicle,2019-05-07,24.7
3068,GCR,Vehicle,2019-05-28,27.3
3068,GCR,Vehicle,2019-06-05,24.4
3068,GCR,Vehicle,2019-06-12,24.8
3068,GCR,Vehicle,2019-06-19,25.4
3068,GCR,Vehicle,2019-06-26,25.6
3068,GCR,Vehicle,2019-07-03,25.4
3068,GCR,Vehicle,2019-07-10,25
3068,GCR,Vehicle,2019-07-17,25.3
3068,GCR,Vehicle,2019-07-24,25.5
3068,GCR,Vehicle,2019-07-31,25.4
3068,GCR,Vehicle,2019-08-07,25.4
3068,GCR,Vehicle,2019-08-14,25.5
3068,GCR,Vehicle,2019-08-21,25.5
3068,GCR,Vehicle,2019-08-28,25.7
3068,GCR,Vehicle,2019-09-04,25.7
3068,GCR,Vehicle,2019-09-11,25.7
3068,GCR,Vehicle,2019-09-18,26.4
3068,GCR,Vehicle,2019-09-25,25.8
3068,GCR,Vehicle,2019-10-02,26.6
3068,GCR,Vehicle,2019-10-09,26.2
3068,GCR,Vehicle,2019-10-15,26.5
3068,GCR,Vehicle,2019-10-22,27.6
3068,GCR,Vehicle,2019-10-30,27
3068,GCR,Vehicle,2019-11-05,27.7
3068,GCR,Vehicle,2019-11-13,27.6
3068,GCR,Vehicle,2019-11-20,30.7
3068,GCR,Vehicle,2019-11-27,31.4
3068,GCR,Vehicle,2019-12-14,30.3
3068,GCR,Vehicle,2019-12-11,31.1
3068,GCR,Vehicle,2019-12-20,31
3068,GCR,Vehicle,2019-12-26,32.3
3068,GCR,Vehicle,2020-01-02,31.2
3068,GCR,Vehicle,2020-01-08,32.2
3068,GCR,Vehicle,2020-01-15,31.2
3068,GCR,Vehicle,2020-01-22,31.6
3068,GCR,Vehicle,2020-01-29,31.9
3068,GCR,Vehicle,2020-02-05,32.5
3068,GCR,Vehicle,2020-02-12,35.8
3068,GCR,Vehicle,2020-02-19,36.9
3068,GCR,Vehicle,2020-02-26,34.5
3068,GCR,Vehicle,2020-03-04,31.4
3068,GCR,Vehicle,2020-03-20,34.7
3068,GCR,Vehicle,2020-04-24,45